datetime	reads	kbps	kkmers	kmers_prop	pgs	pgs_pass	pg	alt_pg	bm	bm_mlst	azm_ssc	azm_pred	azm_bm	cfm_ssc	cfm_pred	cfm_bm	cip_ssc	cip_pred	cip_bm	cro_ssc	cro_pred	cro_bm	flags
2018-04-18 19:04:41	0	0	0	0.000	0	0	NA	NA	NA	NA	0.000	R	NA (NA)	0.000	R	NA (NA)	0.000	R	NA (NA)	0.000	R	NA (NA)	[D:azm_pred]
2018-04-18 19:05:49	5	14	0	0.009	0.998	1	7	6	GCGS0096	9363	0.000	R	R (16)	1.000	S	S (0.03)	1.000	S	S (0.015)	1.000	S	S (0.008)	[D:cfm_pred, D:cip_pred, D:cro_pred, S:cfm_pred, S:cro_pred]
2018-04-18 19:07:12	10	29	0	0.010	0.722	1	2	7	GCGS0286	1583	1.000	S	S (0.5)	1.000	S	S (0.008)	1.000	S	S (0.008)	1.000	S	S (0.008)	[L:azm_pred]
2018-04-18 19:08:16	12	33	0	0.014	0.720	1	2	7	GCGS0286	1583	0.998	S	S (0.5)	0.998	S	S (0.008)	0.998	S	S (0.008)	0.998	S	S (0.008)	[]
2018-04-18 19:08:50	13	36	0	0.013	0.720	1	2	7	GCGS0286	1583	0.998	S	S (0.5)	0.998	S	S (0.008)	0.998	S	S (0.008)	0.998	S	S (0.008)	[]
2018-04-18 19:09:46	19	54	0	0.009	0.720	1	2	7	GCGS0286	1583	0.998	S	S (0.5)	0.998	S	S (0.008)	0.998	S	S (0.008)	0.998	S	S (0.008)	[]
2018-04-18 19:10:42	22	63	0	0.008	0.720	1	2	7	GCGS0286	1583	0.998	S	S (0.5)	0.998	S	S (0.008)	0.998	S	S (0.008)	0.998	S	S (0.008)	[]
2018-04-18 19:11:46	23	64	1	0.011	0.716	1	2	7	GCGS0286	1583	0.995	S	S (0.5)	0.995	S	S (0.008)	0.995	S	S (0.008)	0.995	S	S (0.008)	[]
2018-04-18 19:12:43	30	83	1	0.011	0.710	1	2	7	GCGS0286	1583	0.991	S	S (0.5)	0.991	S	S (0.008)	0.991	S	S (0.008)	0.991	S	S (0.008)	[]
2018-04-18 19:13:57	35	117	5	0.039	0.980	1	2	6	GCGS0082	10313	1.000	S	S (0.25)	1.000	S	S (0.06)	0.026	R	R (16)	1.000	S	S (0.06)	[L:cip_pred]
2018-04-18 19:15:19	41	133	5	0.035	0.980	1	2	6	GCGS0082	10313	1.000	S	S (0.25)	1.000	S	S (0.06)	0.026	R	R (16)	1.000	S	S (0.06)	[]
2018-04-18 19:15:52	43	137	5	0.034	0.980	1	2	6	GCGS0082	10313	1.000	S	S (0.25)	1.000	S	S (0.06)	0.026	R	R (16)	1.000	S	S (0.06)	[]
2018-04-18 19:16:49	47	150	5	0.031	0.980	1	2	6	GCGS0082	10313	1.000	S	S (0.25)	1.000	S	S (0.06)	0.026	R	R (16)	1.000	S	S (0.06)	[]
2018-04-18 19:17:47	52	163	5	0.028	0.980	1	2	6	GCGS0082	10313	1.000	S	S (0.25)	1.000	S	S (0.06)	0.026	R	R (16)	1.000	S	S (0.06)	[]
2018-04-18 19:19:39	54	169	5	0.027	0.980	1	2	6	GCGS0082	10313	1.000	S	S (0.25)	1.000	S	S (0.06)	0.026	R	R (16)	1.000	S	S (0.06)	[]
2018-04-18 19:20:01	55	170	5	0.027	0.980	1	2	6	GCGS0082	10313	1.000	S	S (0.25)	1.000	S	S (0.06)	0.026	R	R (16)	1.000	S	S (0.06)	[]
2018-04-18 19:20:46	61	187	5	0.027	0.980	1	2	6	GCGS0082	10313	1.000	S	S (0.25)	1.000	S	S (0.06)	0.026	R	R (16)	1.000	S	S (0.06)	[]
2018-04-18 19:21:56	64	195	5	0.026	0.980	1	2	6	GCGS0082	10313	1.000	S	S (0.25)	1.000	S	S (0.06)	0.026	R	R (16)	1.000	S	S (0.06)	[]
2018-04-18 19:22:42	69	213	5	0.024	0.980	1	2	6	GCGS0082	10313	1.000	S	S (0.25)	1.000	S	S (0.06)	0.026	R	R (16)	1.000	S	S (0.06)	[]
2018-04-18 19:23:42	71	217	6	0.025	0.766	1	2	7	GCGS0082	10313	1.000	S	S (0.25)	1.000	S	S (0.06)	0.026	R	R (16)	1.000	S	S (0.06)	[]
2018-04-18 19:24:41	75	227	6	0.025	0.766	1	2	7	GCGS0082	10313	1.000	S	S (0.25)	1.000	S	S (0.06)	0.026	R	R (16)	1.000	S	S (0.06)	[]
2018-04-18 19:25:43	77	231	6	0.026	0.766	1	2	7	GCGS0082	10313	0.969	S	S (0.25)	1.000	S	S (0.06)	0.031	R	R (16)	1.000	S	S (0.06)	[]
2018-04-18 19:26:49	82	333	27	0.080	0.136	0	4	2	GCGS0527	1580	0.001	R	R (8)	0.999	S	S (0.03)	0.999	S	S (0.004)	1.000	S	S (0.015)	[D:azm_pred, D:bm_mlst, D:cip_pred, D:pg, S:azm_pred, S:bm_mlst, S:cip_pred, S:pg]
2018-04-18 19:28:00	90	354	27	0.077	0.136	0	4	2	GCGS0527	1580	0.001	R	R (8)	0.999	S	S (0.03)	0.999	S	S (0.004)	1.000	S	S (0.015)	[]
2018-04-18 19:28:43	94	365	27	0.075	0.136	0	4	2	GCGS0527	1580	0.001	R	R (8)	0.999	S	S (0.03)	0.999	S	S (0.004)	1.000	S	S (0.015)	[]
2018-04-18 19:29:41	104	393	27	0.070	0.136	0	4	2	GCGS0527	1580	0.001	R	R (8)	0.999	S	S (0.03)	0.999	S	S (0.004)	1.000	S	S (0.015)	[]
2018-04-18 19:30:50	108	403	27	0.068	0.136	0	4	2	GCGS0527	1580	0.001	R	R (8)	0.999	S	S (0.03)	0.999	S	S (0.004)	1.000	S	S (0.015)	[]
2018-04-18 19:31:41	111	411	27	0.067	0.136	0	4	2	GCGS0527	1580	0.001	R	R (8)	0.999	S	S (0.03)	0.999	S	S (0.004)	1.000	S	S (0.015)	[]
2018-04-18 19:32:44	116	425	27	0.065	0.136	0	4	2	GCGS0527	1580	0.001	R	R (8)	0.999	S	S (0.03)	0.999	S	S (0.004)	1.000	S	S (0.015)	[]
2018-04-18 19:33:49	119	432	28	0.064	0.136	0	4	2	GCGS0527	1580	0.001	R	R (8)	0.999	S	S (0.03)	0.999	S	S (0.004)	1.000	S	S (0.015)	[]
2018-04-18 19:34:44	124	447	28	0.062	0.136	0	4	2	GCGS0527	1580	0.001	R	R (8)	0.999	S	S (0.03)	0.999	S	S (0.004)	1.000	S	S (0.015)	[]
2018-04-18 19:35:59	127	458	28	0.061	0.136	0	4	2	GCGS0527	1580	0.001	R	R (8)	0.999	S	S (0.03)	0.999	S	S (0.004)	1.000	S	S (0.015)	[]
2018-04-18 19:36:42	133	476	29	0.062	0.136	0	4	2	GCGS0527	1580	0.001	R	R (8)	0.999	S	S (0.03)	0.999	S	S (0.004)	1.000	S	S (0.015)	[]
2018-04-18 19:37:45	143	502	30	0.059	0.138	0	4	2	GCGS0720	1580	0.001	R	R (8)	0.999	S	S (0.06)	0.999	S	S (0.004)	1.000	S	S (0.015)	[]
2018-04-18 19:38:47	146	538	36	0.067	0.138	0	4	2	GCGS0720	1580	0.002	R	R (8)	0.998	S	S (0.06)	0.998	S	S (0.004)	1.000	S	S (0.015)	[]
2018-04-18 19:39:42	148	544	36	0.067	0.138	0	4	2	GCGS0720	1580	0.002	R	R (8)	0.998	S	S (0.06)	0.998	S	S (0.004)	1.000	S	S (0.015)	[]
2018-04-18 19:40:43	154	565	37	0.066	0.138	0	4	2	GCGS0720	1580	0.002	R	R (8)	0.998	S	S (0.06)	0.998	S	S (0.004)	1.000	S	S (0.015)	[]
2018-04-18 19:41:41	159	580	37	0.064	0.138	0	4	2	GCGS0720	1580	0.002	R	R (8)	0.998	S	S (0.06)	0.998	S	S (0.004)	1.000	S	S (0.015)	[]
2018-04-18 19:43:00	162	591	37	0.063	0.138	0	4	2	GCGS0720	1580	0.002	R	R (8)	0.998	S	S (0.06)	0.998	S	S (0.004)	1.000	S	S (0.015)	[]
2018-04-18 19:43:58	163	594	37	0.063	0.138	0	4	2	GCGS0720	1580	0.002	R	R (8)	0.998	S	S (0.06)	0.998	S	S (0.004)	1.000	S	S (0.015)	[]
2018-04-18 19:45:03	168	609	38	0.062	0.138	0	4	2	GCGS0720	1580	0.002	R	R (8)	0.998	S	S (0.06)	0.998	S	S (0.004)	1.000	S	S (0.015)	[]
2018-04-18 19:45:59	169	610	38	0.062	0.138	0	4	2	GCGS0720	1580	0.002	R	R (8)	0.998	S	S (0.06)	0.998	S	S (0.004)	1.000	S	S (0.015)	[]
2018-04-18 19:47:13	174	627	38	0.060	0.138	0	4	2	GCGS0720	1580	0.002	R	R (8)	0.998	S	S (0.06)	0.998	S	S (0.004)	1.000	S	S (0.015)	[]
2018-04-18 19:47:49	180	647	38	0.058	0.138	0	4	2	GCGS0720	1580	0.002	R	R (8)	0.998	S	S (0.06)	0.998	S	S (0.004)	1.000	S	S (0.015)	[]
2018-04-18 19:48:43	183	656	38	0.057	0.138	0	4	2	GCGS0720	1580	0.002	R	R (8)	0.998	S	S (0.06)	0.998	S	S (0.004)	1.000	S	S (0.015)	[]
2018-04-18 19:50:09	192	687	38	0.055	0.138	0	4	2	GCGS0720	1580	0.002	R	R (8)	0.998	S	S (0.06)	0.998	S	S (0.004)	1.000	S	S (0.015)	[]
2018-04-18 19:50:58	197	743	51	0.068	0.198	0	4	2	GCGS0275	1580	0.237	R	R (4)	0.998	S	S (0.008)	0.998	S	S (0.004)	1.000	S	S (0.004)	[]
2018-04-18 19:52:19	202	759	54	0.072	0.280	0	4	2	GCGS0275	1580	0.206	R	R (4)	0.999	S	S (0.008)	0.999	S	S (0.004)	1.000	S	S (0.004)	[]
2018-04-18 19:52:42	205	765	54	0.071	0.280	0	4	2	GCGS0275	1580	0.206	R	R (4)	0.999	S	S (0.008)	0.999	S	S (0.004)	1.000	S	S (0.004)	[]
2018-04-18 19:54:03	208	775	54	0.070	0.280	0	4	2	GCGS0275	1580	0.206	R	R (4)	0.999	S	S (0.008)	0.999	S	S (0.004)	1.000	S	S (0.004)	[]
2018-04-18 19:54:50	214	789	54	0.069	0.280	0	4	2	GCGS0275	1580	0.206	R	R (4)	0.999	S	S (0.008)	0.999	S	S (0.004)	1.000	S	S (0.004)	[]
2018-04-18 19:56:12	217	796	54	0.068	0.280	0	4	2	GCGS0275	1580	0.206	R	R (4)	0.999	S	S (0.008)	0.999	S	S (0.004)	1.000	S	S (0.004)	[]
2018-04-18 19:56:41	218	799	54	0.068	0.280	0	4	2	GCGS0275	1580	0.206	R	R (4)	0.999	S	S (0.008)	0.999	S	S (0.004)	1.000	S	S (0.004)	[]
2018-04-18 19:57:55	220	803	55	0.068	0.280	0	4	2	GCGS0275	1580	0.206	R	R (4)	0.999	S	S (0.008)	0.999	S	S (0.004)	1.000	S	S (0.004)	[]
2018-04-18 19:58:53	223	810	55	0.068	0.280	0	4	2	GCGS0275	1580	0.206	R	R (4)	0.999	S	S (0.008)	0.999	S	S (0.004)	1.000	S	S (0.004)	[]
2018-04-18 20:00:10	225	816	55	0.067	0.280	0	4	2	GCGS0275	1580	0.206	R	R (4)	0.999	S	S (0.008)	0.999	S	S (0.004)	1.000	S	S (0.004)	[]
2018-04-18 20:00:41	226	817	55	0.067	0.280	0	4	2	GCGS0275	1580	0.206	R	R (4)	0.999	S	S (0.008)	0.999	S	S (0.004)	1.000	S	S (0.004)	[]
2018-04-18 20:01:41	231	831	55	0.066	0.280	0	4	2	GCGS0275	1580	0.206	R	R (4)	0.999	S	S (0.008)	0.999	S	S (0.004)	1.000	S	S (0.004)	[]
2018-04-18 20:02:47	235	843	55	0.065	0.280	0	4	2	GCGS0275	1580	0.206	R	R (4)	0.999	S	S (0.008)	0.999	S	S (0.004)	1.000	S	S (0.004)	[]
2018-04-18 20:03:49	241	881	59	0.067	0.280	0	4	2	GCGS0275	1580	0.206	R	R (4)	0.999	S	S (0.008)	0.999	S	S (0.004)	1.000	S	S (0.004)	[]
2018-04-18 20:05:13	245	894	59	0.066	0.280	0	4	2	GCGS0275	1580	0.206	R	R (4)	0.999	S	S (0.008)	0.999	S	S (0.004)	1.000	S	S (0.004)	[]
2018-04-18 20:06:12	251	915	59	0.064	0.280	0	4	2	GCGS0275	1580	0.206	R	R (4)	0.999	S	S (0.008)	0.999	S	S (0.004)	1.000	S	S (0.004)	[]
2018-04-18 20:06:52	254	924	59	0.064	0.280	0	4	2	GCGS0275	1580	0.206	R	R (4)	0.999	S	S (0.008)	0.999	S	S (0.004)	1.000	S	S (0.004)	[]
2018-04-18 20:08:02	259	941	59	0.063	0.280	0	4	2	GCGS0275	1580	0.206	R	R (4)	0.999	S	S (0.008)	0.999	S	S (0.004)	1.000	S	S (0.004)	[]
2018-04-18 20:08:57	262	952	59	0.062	0.280	0	4	2	GCGS0275	1580	0.206	R	R (4)	0.999	S	S (0.008)	0.999	S	S (0.004)	1.000	S	S (0.004)	[]
2018-04-18 20:09:44	264	959	59	0.061	0.280	0	4	2	GCGS0275	1580	0.206	R	R (4)	0.999	S	S (0.008)	0.999	S	S (0.004)	1.000	S	S (0.004)	[]
2018-04-18 20:10:50	267	965	59	0.061	0.280	0	4	2	GCGS0275	1580	0.206	R	R (4)	0.999	S	S (0.008)	0.999	S	S (0.004)	1.000	S	S (0.004)	[]
2018-04-18 20:12:11	271	976	59	0.060	0.280	0	4	2	GCGS0275	1580	0.206	R	R (4)	0.999	S	S (0.008)	0.999	S	S (0.004)	1.000	S	S (0.004)	[]
2018-04-18 20:12:44	274	984	59	0.060	0.280	0	4	2	GCGS0275	1580	0.206	R	R (4)	0.999	S	S (0.008)	0.999	S	S (0.004)	1.000	S	S (0.004)	[]
2018-04-18 20:13:42	279	1004	61	0.061	0.326	0	4	2	GCGS0275	1580	0.191	R	R (4)	0.999	S	S (0.008)	0.999	S	S (0.004)	1.000	S	S (0.004)	[]
2018-04-18 20:14:49	285	1023	61	0.060	0.326	0	4	2	GCGS0275	1580	0.191	R	R (4)	0.999	S	S (0.008)	0.999	S	S (0.004)	1.000	S	S (0.004)	[]
2018-04-18 20:15:49	287	1030	61	0.059	0.326	0	4	2	GCGS0275	1580	0.191	R	R (4)	0.999	S	S (0.008)	0.999	S	S (0.004)	1.000	S	S (0.004)	[]
2018-04-18 20:17:15	291	1043	61	0.059	0.326	0	4	2	GCGS0275	1580	0.191	R	R (4)	0.999	S	S (0.008)	0.999	S	S (0.004)	1.000	S	S (0.004)	[]
2018-04-18 20:17:56	295	1054	62	0.059	0.326	0	4	2	GCGS0275	1580	0.192	R	R (4)	0.997	S	S (0.008)	0.997	S	S (0.004)	1.000	S	S (0.004)	[]
2018-04-18 20:18:43	297	1061	62	0.058	0.326	0	4	2	GCGS0275	1580	0.192	R	R (4)	0.997	S	S (0.008)	0.997	S	S (0.004)	1.000	S	S (0.004)	[]
2018-04-18 20:19:49	299	1068	62	0.058	0.326	0	4	2	GCGS0275	1580	0.192	R	R (4)	0.997	S	S (0.008)	0.997	S	S (0.004)	1.000	S	S (0.004)	[]
2018-04-18 20:21:24	304	1080	62	0.058	0.326	0	4	2	GCGS0275	1580	0.192	R	R (4)	0.997	S	S (0.008)	0.997	S	S (0.004)	1.000	S	S (0.004)	[]
2018-04-18 20:21:55	305	1080	62	0.058	0.326	0	4	2	GCGS0275	1580	0.192	R	R (4)	0.997	S	S (0.008)	0.997	S	S (0.004)	1.000	S	S (0.004)	[]
2018-04-18 20:22:43	309	1091	62	0.057	0.326	0	4	2	GCGS0275	1580	0.192	R	R (4)	0.997	S	S (0.008)	0.997	S	S (0.004)	1.000	S	S (0.004)	[]
2018-04-18 20:23:45	311	1098	62	0.057	0.326	0	4	2	GCGS0275	1580	0.192	R	R (4)	0.997	S	S (0.008)	0.997	S	S (0.004)	1.000	S	S (0.004)	[]
2018-04-18 20:24:54	314	1107	62	0.056	0.326	0	4	2	GCGS0275	1580	0.192	R	R (4)	0.997	S	S (0.008)	0.997	S	S (0.004)	1.000	S	S (0.004)	[]
2018-04-18 20:25:47	320	1177	75	0.064	0.596	1	4	2	GCGS0275	1580	0.106	R	R (4)	0.998	S	S (0.008)	0.998	S	S (0.004)	1.000	S	S (0.004)	[]
2018-04-18 20:27:32	324	1190	75	0.063	0.596	1	4	2	GCGS0275	1580	0.106	R	R (4)	0.998	S	S (0.008)	0.998	S	S (0.004)	1.000	S	S (0.004)	[]
2018-04-18 20:28:03	325	1192	75	0.063	0.596	1	4	2	GCGS0275	1580	0.106	R	R (4)	0.998	S	S (0.008)	0.998	S	S (0.004)	1.000	S	S (0.004)	[]
2018-04-18 20:29:49	330	1208	75	0.062	0.596	1	4	2	GCGS0275	1580	0.106	R	R (4)	0.998	S	S (0.008)	0.998	S	S (0.004)	1.000	S	S (0.004)	[]
2018-04-18 20:30:52	334	1222	75	0.062	0.596	1	4	2	GCGS0275	1580	0.106	R	R (4)	0.998	S	S (0.008)	0.998	S	S (0.004)	1.000	S	S (0.004)	[]
2018-04-18 20:31:50	341	1237	75	0.061	0.596	1	4	2	GCGS0275	1580	0.106	R	R (4)	0.998	S	S (0.008)	0.998	S	S (0.004)	1.000	S	S (0.004)	[]
2018-04-18 20:32:43	343	1243	75	0.061	0.596	1	4	2	GCGS0275	1580	0.106	R	R (4)	0.998	S	S (0.008)	0.998	S	S (0.004)	1.000	S	S (0.004)	[]
2018-04-18 20:33:58	347	1254	75	0.060	0.596	1	4	2	GCGS0275	1580	0.106	R	R (4)	0.998	S	S (0.008)	0.998	S	S (0.004)	1.000	S	S (0.004)	[]
2018-04-18 20:34:59	351	1266	75	0.060	0.596	1	4	2	GCGS0275	1580	0.106	R	R (4)	0.998	S	S (0.008)	0.998	S	S (0.004)	1.000	S	S (0.004)	[]
2018-04-18 20:35:57	352	1269	75	0.059	0.596	1	4	2	GCGS0275	1580	0.106	R	R (4)	0.998	S	S (0.008)	0.998	S	S (0.004)	1.000	S	S (0.004)	[]
2018-04-18 20:37:04	358	1287	75	0.059	0.596	1	4	2	GCGS0275	1580	0.106	R	R (4)	0.998	S	S (0.008)	0.998	S	S (0.004)	1.000	S	S (0.004)	[]
2018-04-18 20:37:51	363	1325	81	0.061	0.628	1	4	2	GCGS0275	1580	0.097	R	R (4)	0.998	S	S (0.008)	0.998	S	S (0.004)	1.000	S	S (0.004)	[]
2018-04-18 20:39:02	365	1329	81	0.061	0.628	1	4	2	GCGS0275	1580	0.097	R	R (4)	0.998	S	S (0.008)	0.998	S	S (0.004)	1.000	S	S (0.004)	[]
2018-04-18 20:39:48	366	1333	81	0.061	0.628	1	4	2	GCGS0275	1580	0.097	R	R (4)	0.998	S	S (0.008)	0.998	S	S (0.004)	1.000	S	S (0.004)	[]
2018-04-18 20:41:29	372	1351	81	0.060	0.628	1	4	2	GCGS0275	1580	0.097	R	R (4)	0.998	S	S (0.008)	0.998	S	S (0.004)	1.000	S	S (0.004)	[]
2018-04-18 20:42:03	375	1361	81	0.060	0.628	1	4	2	GCGS0275	1580	0.097	R	R (4)	0.998	S	S (0.008)	0.998	S	S (0.004)	1.000	S	S (0.004)	[]
2018-04-18 20:43:07	378	1371	81	0.059	0.628	1	4	2	GCGS0275	1580	0.097	R	R (4)	0.998	S	S (0.008)	0.998	S	S (0.004)	1.000	S	S (0.004)	[]
2018-04-18 20:43:59	379	1374	81	0.059	0.628	1	4	2	GCGS0275	1580	0.097	R	R (4)	0.998	S	S (0.008)	0.998	S	S (0.004)	1.000	S	S (0.004)	[]
2018-04-18 20:45:02	383	1388	81	0.058	0.628	1	4	2	GCGS0275	1580	0.097	R	R (4)	0.998	S	S (0.008)	0.998	S	S (0.004)	1.000	S	S (0.004)	[]
2018-04-18 20:45:43	384	1392	81	0.058	0.628	1	4	2	GCGS0275	1580	0.097	R	R (4)	0.998	S	S (0.008)	0.998	S	S (0.004)	1.000	S	S (0.004)	[]
2018-04-18 20:46:44	387	1422	85	0.060	0.672	1	4	2	GCGS0275	1580	0.084	R	R (4)	0.999	S	S (0.008)	0.998	S	S (0.004)	1.000	S	S (0.004)	[]
2018-04-18 20:48:36	393	1437	86	0.060	0.672	1	4	2	GCGS0275	1580	0.084	R	R (4)	0.999	S	S (0.008)	0.998	S	S (0.004)	1.000	S	S (0.004)	[]
2018-04-18 20:49:28	394	1439	86	0.060	0.672	1	4	2	GCGS0275	1580	0.084	R	R (4)	0.999	S	S (0.008)	0.998	S	S (0.004)	1.000	S	S (0.004)	[]
2018-04-18 20:50:07	396	1446	86	0.059	0.672	1	4	2	GCGS0275	1580	0.084	R	R (4)	0.999	S	S (0.008)	0.998	S	S (0.004)	1.000	S	S (0.004)	[]
2018-04-18 20:50:59	397	1449	86	0.059	0.672	1	4	2	GCGS0275	1580	0.084	R	R (4)	0.999	S	S (0.008)	0.998	S	S (0.004)	1.000	S	S (0.004)	[]
2018-04-18 20:51:42	400	1458	87	0.059	0.672	1	4	2	GCGS0275	1580	0.084	R	R (4)	0.998	S	S (0.008)	0.998	S	S (0.004)	1.000	S	S (0.004)	[]
2018-04-18 20:53:10	405	1497	97	0.065	0.672	1	4	2	GCGS0275	1580	0.084	R	R (4)	0.998	S	S (0.008)	0.998	S	S (0.004)	1.000	S	S (0.004)	[]
2018-04-18 20:53:43	408	1507	97	0.064	0.672	1	4	2	GCGS0275	1580	0.084	R	R (4)	0.998	S	S (0.008)	0.998	S	S (0.004)	1.000	S	S (0.004)	[]
2018-04-18 20:54:53	410	1514	97	0.064	0.672	1	4	2	GCGS0275	1580	0.084	R	R (4)	0.998	S	S (0.008)	0.998	S	S (0.004)	1.000	S	S (0.004)	[]
2018-04-18 20:56:02	414	1524	97	0.064	0.672	1	4	2	GCGS0275	1580	0.084	R	R (4)	0.998	S	S (0.008)	0.998	S	S (0.004)	1.000	S	S (0.004)	[]
2018-04-18 20:56:50	419	1537	98	0.063	0.672	1	4	2	GCGS0275	1580	0.084	R	R (4)	0.998	S	S (0.008)	0.998	S	S (0.004)	1.000	S	S (0.004)	[]
2018-04-18 20:57:58	421	1544	98	0.063	0.672	1	4	2	GCGS0275	1580	0.084	R	R (4)	0.998	S	S (0.008)	0.998	S	S (0.004)	1.000	S	S (0.004)	[]
2018-04-18 20:59:13	423	1551	98	0.063	0.672	1	4	2	GCGS0275	1580	0.084	R	R (4)	0.998	S	S (0.008)	0.998	S	S (0.004)	1.000	S	S (0.004)	[]
2018-04-18 20:59:41	424	1554	98	0.063	0.672	1	4	2	GCGS0275	1580	0.084	R	R (4)	0.998	S	S (0.008)	0.998	S	S (0.004)	1.000	S	S (0.004)	[]
2018-04-18 21:00:48	425	1558	98	0.063	0.672	1	4	2	GCGS0275	1580	0.084	R	R (4)	0.998	S	S (0.008)	0.998	S	S (0.004)	1.000	S	S (0.004)	[]
2018-04-18 21:01:46	427	1572	99	0.063	0.672	1	4	2	GCGS0275	1580	0.084	R	R (4)	0.998	S	S (0.008)	0.998	S	S (0.004)	1.000	S	S (0.004)	[]
2018-04-18 21:02:57	430	1582	99	0.063	0.672	1	4	2	GCGS0275	1580	0.084	R	R (4)	0.998	S	S (0.008)	0.998	S	S (0.004)	1.000	S	S (0.004)	[]
2018-04-18 21:04:25	433	1628	108	0.067	0.734	1	4	2	GCGS0275	1580	0.067	R	R (4)	0.999	S	S (0.008)	0.999	S	S (0.004)	1.000	S	S (0.004)	[]
2018-04-18 21:05:09	435	1657	115	0.069	0.750	1	4	2	GCGS0275	1580	0.063	R	R (4)	0.999	S	S (0.008)	0.999	S	S (0.004)	1.000	S	S (0.004)	[]
2018-04-18 21:06:20	439	1675	116	0.069	0.750	1	4	2	GCGS0275	1580	0.063	R	R (4)	0.999	S	S (0.008)	0.999	S	S (0.004)	1.000	S	S (0.004)	[]
2018-04-18 21:07:27	441	1680	116	0.069	0.750	1	4	2	GCGS0275	1580	0.063	R	R (4)	0.999	S	S (0.008)	0.999	S	S (0.004)	1.000	S	S (0.004)	[]
2018-04-18 21:08:22	442	1683	116	0.069	0.750	1	4	2	GCGS0275	1580	0.063	R	R (4)	0.999	S	S (0.008)	0.999	S	S (0.004)	1.000	S	S (0.004)	[]
2018-04-18 21:08:46	444	1690	116	0.069	0.750	1	4	2	GCGS0275	1580	0.063	R	R (4)	0.999	S	S (0.008)	0.999	S	S (0.004)	1.000	S	S (0.004)	[]
2018-04-18 21:10:01	447	1696	116	0.068	0.750	1	4	2	GCGS0275	1580	0.063	R	R (4)	0.999	S	S (0.008)	0.999	S	S (0.004)	1.000	S	S (0.004)	[]
2018-04-18 21:10:51	451	1706	116	0.068	0.750	1	4	2	GCGS0275	1580	0.063	R	R (4)	0.999	S	S (0.008)	0.999	S	S (0.004)	1.000	S	S (0.004)	[]
2018-04-18 21:11:57	455	1768	123	0.070	0.806	1	4	2	GCGS0276	1580	0.048	R	R (2)	0.999	S	S (0.008)	0.999	S	S (0.004)	1.000	S	S (0.004)	[D:bm, S:bm]
2018-04-18 21:12:43	457	1773	123	0.070	0.806	1	4	2	GCGS0276	1580	0.048	R	R (2)	0.999	S	S (0.008)	0.999	S	S (0.004)	1.000	S	S (0.004)	[]
2018-04-18 21:13:54	461	1785	123	0.069	0.806	1	4	2	GCGS0276	1580	0.048	R	R (2)	0.999	S	S (0.008)	0.999	S	S (0.004)	1.000	S	S (0.004)	[]
2018-04-18 21:14:59	466	1802	123	0.069	0.806	1	4	2	GCGS0276	1580	0.048	R	R (2)	0.999	S	S (0.008)	0.999	S	S (0.004)	1.000	S	S (0.004)	[]
2018-04-18 21:15:58	469	1812	124	0.068	0.806	1	4	2	GCGS0276	1580	0.048	R	R (2)	0.999	S	S (0.008)	0.999	S	S (0.004)	1.000	S	S (0.004)	[]
2018-04-18 21:16:53	474	1827	124	0.068	0.806	1	4	2	GCGS0276	1580	0.048	R	R (2)	0.999	S	S (0.008)	0.999	S	S (0.004)	1.000	S	S (0.004)	[]
2018-04-18 21:17:58	478	1838	124	0.067	0.806	1	4	2	GCGS0276	1580	0.048	R	R (2)	0.999	S	S (0.008)	0.999	S	S (0.004)	1.000	S	S (0.004)	[]
2018-04-18 21:19:00	487	1860	124	0.067	0.806	1	4	2	GCGS0276	1580	0.048	R	R (2)	0.999	S	S (0.008)	0.999	S	S (0.004)	1.000	S	S (0.004)	[]
2018-04-18 21:19:44	492	1877	124	0.066	0.806	1	4	2	GCGS0276	1580	0.048	R	R (2)	0.999	S	S (0.008)	0.999	S	S (0.004)	1.000	S	S (0.004)	[]
2018-04-18 21:20:53	496	1919	134	0.070	0.830	1	4	2	GCGS0276	1580	0.042	R	R (2)	0.999	S	S (0.008)	0.999	S	S (0.004)	1.000	S	S (0.004)	[]
2018-04-18 21:21:47	498	1924	134	0.069	0.830	1	4	2	GCGS0276	1580	0.042	R	R (2)	0.999	S	S (0.008)	0.999	S	S (0.004)	1.000	S	S (0.004)	[]
2018-04-18 21:22:50	500	1926	134	0.069	0.830	1	4	2	GCGS0276	1580	0.042	R	R (2)	0.999	S	S (0.008)	0.999	S	S (0.004)	1.000	S	S (0.004)	[]
2018-04-18 21:23:56	503	1936	134	0.069	0.830	1	4	2	GCGS0276	1580	0.042	R	R (2)	0.999	S	S (0.008)	0.999	S	S (0.004)	1.000	S	S (0.004)	[]
2018-04-18 21:25:19	506	1947	134	0.069	0.830	1	4	2	GCGS0276	1580	0.042	R	R (2)	0.999	S	S (0.008)	0.999	S	S (0.004)	1.000	S	S (0.004)	[]
2018-04-18 21:26:00	507	1948	134	0.069	0.830	1	4	2	GCGS0276	1580	0.042	R	R (2)	0.999	S	S (0.008)	0.999	S	S (0.004)	1.000	S	S (0.004)	[]
2018-04-18 21:27:03	509	1952	134	0.069	0.830	1	4	2	GCGS0276	1580	0.042	R	R (2)	0.999	S	S (0.008)	0.999	S	S (0.004)	1.000	S	S (0.004)	[]
2018-04-18 21:27:48	513	2025	149	0.074	0.858	1	4	2	GCGS0276	1580	0.050	R	R (2)	0.999	S	S (0.008)	0.999	S	S (0.004)	1.000	S	S (0.004)	[]
2018-04-18 21:29:32	515	2032	149	0.073	0.858	1	4	2	GCGS0276	1580	0.050	R	R (2)	0.999	S	S (0.008)	0.999	S	S (0.004)	1.000	S	S (0.004)	[]
2018-04-18 21:30:04	516	2033	149	0.073	0.858	1	4	2	GCGS0276	1580	0.050	R	R (2)	0.999	S	S (0.008)	0.999	S	S (0.004)	1.000	S	S (0.004)	[]
2018-04-18 21:30:41	520	2047	149	0.073	0.858	1	4	2	GCGS0276	1580	0.050	R	R (2)	0.999	S	S (0.008)	0.999	S	S (0.004)	1.000	S	S (0.004)	[]
2018-04-18 21:32:32	524	2058	150	0.073	0.858	1	4	2	GCGS0276	1580	0.050	R	R (2)	0.999	S	S (0.008)	0.999	S	S (0.004)	1.000	S	S (0.004)	[]
2018-04-18 21:32:41	526	2064	150	0.073	0.858	1	4	2	GCGS0276	1580	0.050	R	R (2)	0.999	S	S (0.008)	0.999	S	S (0.004)	1.000	S	S (0.004)	[]
2018-04-18 21:34:09	531	2076	150	0.072	0.858	1	4	2	GCGS0276	1580	0.050	R	R (2)	0.999	S	S (0.008)	0.999	S	S (0.004)	1.000	S	S (0.004)	[]
2018-04-18 21:35:01	533	2084	151	0.073	0.858	1	4	2	GCGS0276	1580	0.050	R	R (2)	0.999	S	S (0.008)	0.999	S	S (0.004)	1.000	S	S (0.004)	[]
2018-04-18 21:35:50	535	2144	158	0.074	0.858	1	4	2	GCGS0276	1580	0.050	R	R (2)	0.999	S	S (0.008)	0.999	S	S (0.004)	1.000	S	S (0.004)	[]
2018-04-18 21:38:31	539	2152	158	0.074	0.858	1	4	2	GCGS0276	1580	0.050	R	R (2)	0.999	S	S (0.008)	0.999	S	S (0.004)	1.000	S	S (0.004)	[]
2018-04-18 21:38:49	540	2154	158	0.073	0.858	1	4	2	GCGS0276	1580	0.050	R	R (2)	0.999	S	S (0.008)	0.999	S	S (0.004)	1.000	S	S (0.004)	[]
2018-04-18 21:40:39	543	2164	158	0.073	0.858	1	4	2	GCGS0276	1580	0.050	R	R (2)	0.999	S	S (0.008)	0.999	S	S (0.004)	1.000	S	S (0.004)	[]
2018-04-18 21:42:38	544	2166	158	0.073	0.858	1	4	2	GCGS0276	1580	0.050	R	R (2)	0.999	S	S (0.008)	0.999	S	S (0.004)	1.000	S	S (0.004)	[]
2018-04-18 21:45:11	545	2168	158	0.073	0.858	1	4	2	GCGS0276	1580	0.050	R	R (2)	0.999	S	S (0.008)	0.999	S	S (0.004)	1.000	S	S (0.004)	[]
2018-04-18 21:46:02	548	2178	158	0.073	0.858	1	4	2	GCGS0276	1580	0.050	R	R (2)	0.999	S	S (0.008)	0.999	S	S (0.004)	1.000	S	S (0.004)	[]
2018-04-18 21:47:43	550	2185	158	0.072	0.858	1	4	2	GCGS0276	1580	0.050	R	R (2)	0.999	S	S (0.008)	0.999	S	S (0.004)	1.000	S	S (0.004)	[]
2018-04-18 21:49:15	554	2194	158	0.072	0.858	1	4	2	GCGS0276	1580	0.050	R	R (2)	0.999	S	S (0.008)	0.999	S	S (0.004)	1.000	S	S (0.004)	[]
2018-04-18 21:50:56	555	2197	158	0.072	0.858	1	4	2	GCGS0276	1580	0.050	R	R (2)	0.999	S	S (0.008)	0.999	S	S (0.004)	1.000	S	S (0.004)	[]
2018-04-18 21:52:03	557	2203	158	0.072	0.858	1	4	2	GCGS0276	1580	0.050	R	R (2)	0.999	S	S (0.008)	0.999	S	S (0.004)	1.000	S	S (0.004)	[]
2018-04-18 21:52:53	558	2206	158	0.072	0.858	1	4	2	GCGS0276	1580	0.050	R	R (2)	0.999	S	S (0.008)	0.999	S	S (0.004)	1.000	S	S (0.004)	[]
2018-04-18 21:54:48	562	2227	161	0.072	0.858	1	4	2	GCGS0276	1580	0.050	R	R (2)	0.999	S	S (0.008)	0.999	S	S (0.004)	1.000	S	S (0.004)	[]
2018-04-18 21:55:47	566	2242	162	0.072	0.858	1	4	2	GCGS0276	1580	0.050	R	R (2)	0.999	S	S (0.008)	0.999	S	S (0.004)	1.000	S	S (0.004)	[]
2018-04-18 21:57:31	569	2284	169	0.074	0.868	1	4	2	GCGS0276	1580	0.046	R	R (2)	0.999	S	S (0.008)	0.999	S	S (0.004)	1.000	S	S (0.004)	[]
2018-04-18 21:58:00	571	2321	178	0.077	0.868	1	4	2	GCGS0276	1580	0.046	R	R (2)	0.999	S	S (0.008)	0.999	S	S (0.004)	1.000	S	S (0.004)	[]
2018-04-18 21:59:13	573	2328	178	0.076	0.868	1	4	2	GCGS0276	1580	0.046	R	R (2)	0.999	S	S (0.008)	0.999	S	S (0.004)	1.000	S	S (0.004)	[]
2018-04-18 22:00:02	575	2335	178	0.076	0.868	1	4	2	GCGS0276	1580	0.046	R	R (2)	0.999	S	S (0.008)	0.999	S	S (0.004)	1.000	S	S (0.004)	[]
2018-04-18 22:00:56	577	2346	179	0.076	0.868	1	4	2	GCGS0276	1580	0.046	R	R (2)	0.999	S	S (0.008)	0.999	S	S (0.004)	1.000	S	S (0.004)	[]
2018-04-18 22:02:06	578	2348	179	0.076	0.868	1	4	2	GCGS0276	1580	0.046	R	R (2)	0.999	S	S (0.008)	0.999	S	S (0.004)	1.000	S	S (0.004)	[]
2018-04-18 22:03:44	579	2351	179	0.076	0.868	1	4	2	GCGS0276	1580	0.046	R	R (2)	0.999	S	S (0.008)	0.999	S	S (0.004)	1.000	S	S (0.004)	[]
2018-04-18 22:04:41	580	2355	179	0.076	0.868	1	4	2	GCGS0276	1580	0.046	R	R (2)	0.999	S	S (0.008)	0.999	S	S (0.004)	1.000	S	S (0.004)	[]
2018-04-18 22:06:52	581	2358	179	0.076	0.868	1	4	2	GCGS0276	1580	0.046	R	R (2)	0.999	S	S (0.008)	0.999	S	S (0.004)	1.000	S	S (0.004)	[]
2018-04-18 22:07:57	582	2362	179	0.076	0.868	1	4	2	GCGS0276	1580	0.046	R	R (2)	0.999	S	S (0.008)	0.999	S	S (0.004)	1.000	S	S (0.004)	[]
2018-04-18 22:09:00	584	2367	180	0.076	0.868	1	4	2	GCGS0276	1580	0.046	R	R (2)	0.999	S	S (0.008)	0.999	S	S (0.004)	1.000	S	S (0.004)	[]
2018-04-18 22:09:44	585	2370	180	0.076	0.868	1	4	2	GCGS0276	1580	0.046	R	R (2)	0.999	S	S (0.008)	0.999	S	S (0.004)	1.000	S	S (0.004)	[]
2018-04-18 22:10:53	587	2377	180	0.076	0.868	1	4	2	GCGS0276	1580	0.046	R	R (2)	0.999	S	S (0.008)	0.999	S	S (0.004)	1.000	S	S (0.004)	[]
2018-04-18 22:12:17	589	2380	180	0.076	0.868	1	4	2	GCGS0276	1580	0.046	R	R (2)	0.999	S	S (0.008)	0.999	S	S (0.004)	1.000	S	S (0.004)	[]
2018-04-18 22:12:55	591	2383	180	0.075	0.868	1	4	2	GCGS0276	1580	0.046	R	R (2)	0.999	S	S (0.008)	0.999	S	S (0.004)	1.000	S	S (0.004)	[]
2018-04-18 22:14:52	593	2390	180	0.075	0.868	1	4	2	GCGS0276	1580	0.046	R	R (2)	0.999	S	S (0.008)	0.999	S	S (0.004)	1.000	S	S (0.004)	[]
2018-04-18 22:15:48	595	2397	180	0.075	0.868	1	4	2	GCGS0276	1580	0.046	R	R (2)	0.999	S	S (0.008)	0.999	S	S (0.004)	1.000	S	S (0.004)	[]
2018-04-18 22:18:52	597	2404	180	0.075	0.868	1	4	2	GCGS0276	1580	0.046	R	R (2)	0.999	S	S (0.008)	0.999	S	S (0.004)	1.000	S	S (0.004)	[]
2018-04-18 22:19:53	598	2407	180	0.075	0.868	1	4	2	GCGS0276	1580	0.046	R	R (2)	0.999	S	S (0.008)	0.999	S	S (0.004)	1.000	S	S (0.004)	[]
2018-04-18 22:21:08	599	2411	181	0.075	0.868	1	4	2	GCGS0276	1580	0.046	R	R (2)	0.999	S	S (0.008)	0.999	S	S (0.004)	1.000	S	S (0.004)	[]
2018-04-18 22:22:40	600	2414	181	0.075	0.868	1	4	2	GCGS0276	1580	0.046	R	R (2)	0.999	S	S (0.008)	0.999	S	S (0.004)	1.000	S	S (0.004)	[]
2018-04-18 22:22:42	601	2418	181	0.075	0.868	1	4	2	GCGS0276	1580	0.046	R	R (2)	0.999	S	S (0.008)	0.999	S	S (0.004)	1.000	S	S (0.004)	[]
2018-04-18 22:23:44	606	2445	185	0.075	0.868	1	4	2	GCGS0276	1580	0.046	R	R (2)	0.997	S	S (0.008)	0.999	S	S (0.004)	1.000	S	S (0.004)	[]
2018-04-18 22:26:18	610	2458	185	0.075	0.868	1	4	2	GCGS0276	1580	0.046	R	R (2)	0.997	S	S (0.008)	0.999	S	S (0.004)	1.000	S	S (0.004)	[]
2018-04-18 22:27:44	611	2461	185	0.075	0.868	1	4	2	GCGS0276	1580	0.046	R	R (2)	0.997	S	S (0.008)	0.999	S	S (0.004)	1.000	S	S (0.004)	[]
2018-04-18 22:28:58	615	2471	185	0.075	0.868	1	4	2	GCGS0276	1580	0.046	R	R (2)	0.997	S	S (0.008)	0.999	S	S (0.004)	1.000	S	S (0.004)	[]
2018-04-18 22:30:05	618	2476	185	0.075	0.868	1	4	2	GCGS0276	1580	0.046	R	R (2)	0.997	S	S (0.008)	0.999	S	S (0.004)	1.000	S	S (0.004)	[]
2018-04-18 22:30:58	620	2490	187	0.075	0.868	1	4	2	GCGS0276	1580	0.046	R	R (2)	0.997	S	S (0.008)	0.999	S	S (0.004)	1.000	S	S (0.004)	[]
2018-04-18 22:32:29	627	2512	188	0.075	0.868	1	4	2	GCGS0276	1580	0.046	R	R (2)	0.997	S	S (0.008)	0.999	S	S (0.004)	1.000	S	S (0.004)	[]
2018-04-18 22:33:44	628	2515	188	0.075	0.868	1	4	2	GCGS0276	1580	0.046	R	R (2)	0.997	S	S (0.008)	0.999	S	S (0.004)	1.000	S	S (0.004)	[]
2018-04-18 22:34:44	632	2528	188	0.074	0.868	1	4	2	GCGS0276	1580	0.046	R	R (2)	0.997	S	S (0.008)	0.999	S	S (0.004)	1.000	S	S (0.004)	[]
2018-04-18 22:36:37	637	2546	189	0.074	0.868	1	4	2	GCGS0276	1580	0.046	R	R (2)	0.997	S	S (0.008)	0.999	S	S (0.004)	1.000	S	S (0.004)	[]
2018-04-18 22:38:30	638	2549	189	0.074	0.868	1	4	2	GCGS0276	1580	0.046	R	R (2)	0.997	S	S (0.008)	0.999	S	S (0.004)	1.000	S	S (0.004)	[]
2018-04-18 22:39:26	639	2552	189	0.074	0.868	1	4	2	GCGS0276	1580	0.046	R	R (2)	0.997	S	S (0.008)	0.999	S	S (0.004)	1.000	S	S (0.004)	[]
2018-04-18 22:40:50	640	2556	189	0.074	0.868	1	4	2	GCGS0276	1580	0.046	R	R (2)	0.997	S	S (0.008)	0.999	S	S (0.004)	1.000	S	S (0.004)	[]
2018-04-18 22:42:26	643	2562	189	0.074	0.868	1	4	2	GCGS0276	1580	0.046	R	R (2)	0.997	S	S (0.008)	0.999	S	S (0.004)	1.000	S	S (0.004)	[]
2018-04-18 22:43:32	644	2564	189	0.074	0.868	1	4	2	GCGS0276	1580	0.046	R	R (2)	0.997	S	S (0.008)	0.999	S	S (0.004)	1.000	S	S (0.004)	[]
2018-04-18 22:44:06	645	2567	189	0.074	0.868	1	4	2	GCGS0276	1580	0.046	R	R (2)	0.997	S	S (0.008)	0.999	S	S (0.004)	1.000	S	S (0.004)	[]
2018-04-18 22:45:03	648	2578	189	0.073	0.868	1	4	2	GCGS0276	1580	0.046	R	R (2)	0.997	S	S (0.008)	0.999	S	S (0.004)	1.000	S	S (0.004)	[]
2018-04-18 22:46:01	650	2584	189	0.073	0.868	1	4	2	GCGS0276	1580	0.046	R	R (2)	0.997	S	S (0.008)	0.999	S	S (0.004)	1.000	S	S (0.004)	[]
2018-04-18 22:47:44	651	2588	189	0.073	0.868	1	4	2	GCGS0276	1580	0.046	R	R (2)	0.997	S	S (0.008)	0.999	S	S (0.004)	1.000	S	S (0.004)	[]
2018-04-18 22:49:06	652	2591	189	0.073	0.868	1	4	2	GCGS0276	1580	0.046	R	R (2)	0.997	S	S (0.008)	0.999	S	S (0.004)	1.000	S	S (0.004)	[]
2018-04-18 22:49:45	653	2595	189	0.073	0.868	1	4	2	GCGS0276	1580	0.046	R	R (2)	0.997	S	S (0.008)	0.999	S	S (0.004)	1.000	S	S (0.004)	[]
2018-04-18 22:53:55	656	2609	189	0.073	0.868	1	4	2	GCGS0276	1580	0.046	R	R (2)	0.997	S	S (0.008)	0.999	S	S (0.004)	1.000	S	S (0.004)	[]
2018-04-18 22:55:07	658	2616	189	0.072	0.868	1	4	2	GCGS0276	1580	0.046	R	R (2)	0.997	S	S (0.008)	0.999	S	S (0.004)	1.000	S	S (0.004)	[]
2018-04-18 22:55:41	660	2623	189	0.072	0.868	1	4	2	GCGS0276	1580	0.046	R	R (2)	0.997	S	S (0.008)	0.999	S	S (0.004)	1.000	S	S (0.004)	[]
2018-04-18 22:57:36	662	2627	189	0.072	0.868	1	4	2	GCGS0276	1580	0.046	R	R (2)	0.997	S	S (0.008)	0.999	S	S (0.004)	1.000	S	S (0.004)	[]
2018-04-18 22:57:56	663	2630	189	0.072	0.868	1	4	2	GCGS0276	1580	0.046	R	R (2)	0.997	S	S (0.008)	0.999	S	S (0.004)	1.000	S	S (0.004)	[]
2018-04-18 22:59:11	666	2688	198	0.074	0.880	1	4	2	GCGS0276	1580	0.042	R	R (2)	0.997	S	S (0.008)	0.999	S	S (0.004)	1.000	S	S (0.004)	[]
2018-04-18 22:59:59	667	2691	198	0.074	0.880	1	4	2	GCGS0276	1580	0.042	R	R (2)	0.997	S	S (0.008)	0.999	S	S (0.004)	1.000	S	S (0.004)	[]
2018-04-18 23:00:54	669	2698	198	0.073	0.880	1	4	2	GCGS0276	1580	0.042	R	R (2)	0.997	S	S (0.008)	0.999	S	S (0.004)	1.000	S	S (0.004)	[]
2018-04-18 23:01:52	672	2703	198	0.073	0.880	1	4	2	GCGS0276	1580	0.042	R	R (2)	0.997	S	S (0.008)	0.999	S	S (0.004)	1.000	S	S (0.004)	[]
2018-04-18 23:03:17	673	2706	198	0.073	0.880	1	4	2	GCGS0276	1580	0.042	R	R (2)	0.997	S	S (0.008)	0.999	S	S (0.004)	1.000	S	S (0.004)	[]
2018-04-18 23:03:43	674	2707	198	0.073	0.880	1	4	2	GCGS0276	1580	0.042	R	R (2)	0.997	S	S (0.008)	0.999	S	S (0.004)	1.000	S	S (0.004)	[]
2018-04-18 23:04:58	676	2712	198	0.073	0.880	1	4	2	GCGS0276	1580	0.042	R	R (2)	0.997	S	S (0.008)	0.999	S	S (0.004)	1.000	S	S (0.004)	[]
2018-04-18 23:05:52	677	2716	198	0.073	0.880	1	4	2	GCGS0276	1580	0.042	R	R (2)	0.997	S	S (0.008)	0.999	S	S (0.004)	1.000	S	S (0.004)	[]
2018-04-18 23:07:22	678	2719	198	0.073	0.880	1	4	2	GCGS0276	1580	0.042	R	R (2)	0.997	S	S (0.008)	0.999	S	S (0.004)	1.000	S	S (0.004)	[]
2018-04-18 23:08:38	679	2722	198	0.073	0.880	1	4	2	GCGS0276	1580	0.042	R	R (2)	0.997	S	S (0.008)	0.999	S	S (0.004)	1.000	S	S (0.004)	[]
2018-04-18 23:10:18	680	2726	198	0.073	0.880	1	4	2	GCGS0276	1580	0.042	R	R (2)	0.997	S	S (0.008)	0.999	S	S (0.004)	1.000	S	S (0.004)	[]
2018-04-18 23:10:54	682	2733	198	0.073	0.880	1	4	2	GCGS0276	1580	0.042	R	R (2)	0.997	S	S (0.008)	0.999	S	S (0.004)	1.000	S	S (0.004)	[]
2018-04-18 23:12:35	685	2740	198	0.072	0.880	1	4	2	GCGS0276	1580	0.042	R	R (2)	0.997	S	S (0.008)	0.999	S	S (0.004)	1.000	S	S (0.004)	[]
2018-04-18 23:13:35	686	2744	198	0.072	0.880	1	4	2	GCGS0276	1580	0.042	R	R (2)	0.997	S	S (0.008)	0.999	S	S (0.004)	1.000	S	S (0.004)	[]
2018-04-18 23:13:47	688	2748	198	0.072	0.880	1	4	2	GCGS0276	1580	0.042	R	R (2)	0.997	S	S (0.008)	0.999	S	S (0.004)	1.000	S	S (0.004)	[]
2018-04-18 23:14:50	689	2752	198	0.072	0.880	1	4	2	GCGS0276	1580	0.042	R	R (2)	0.997	S	S (0.008)	0.999	S	S (0.004)	1.000	S	S (0.004)	[]
2018-04-18 23:16:19	691	2757	199	0.072	0.880	1	4	2	GCGS0276	1580	0.042	R	R (2)	0.997	S	S (0.008)	0.999	S	S (0.004)	1.000	S	S (0.004)	[]
2018-04-18 23:16:50	692	2760	199	0.072	0.880	1	4	2	GCGS0276	1580	0.042	R	R (2)	0.997	S	S (0.008)	0.999	S	S (0.004)	1.000	S	S (0.004)	[]
2018-04-18 23:19:15	694	2767	199	0.072	0.880	1	4	2	GCGS0276	1580	0.042	R	R (2)	0.997	S	S (0.008)	0.999	S	S (0.004)	1.000	S	S (0.004)	[]
2018-04-18 23:20:31	695	2793	204	0.073	0.880	1	4	2	GCGS0276	1580	0.042	R	R (2)	0.997	S	S (0.008)	0.999	S	S (0.004)	1.000	S	S (0.004)	[]
2018-04-18 23:21:40	696	2796	204	0.073	0.880	1	4	2	GCGS0276	1580	0.042	R	R (2)	0.997	S	S (0.008)	0.999	S	S (0.004)	1.000	S	S (0.004)	[]
2018-04-18 23:22:40	697	2797	205	0.073	0.880	1	4	2	GCGS0276	1580	0.042	R	R (2)	0.997	S	S (0.008)	0.999	S	S (0.004)	1.000	S	S (0.004)	[]
2018-04-18 23:23:48	698	2800	205	0.073	0.880	1	4	2	GCGS0276	1580	0.042	R	R (2)	0.997	S	S (0.008)	0.999	S	S (0.004)	1.000	S	S (0.004)	[]
2018-04-18 23:25:03	701	2809	205	0.073	0.880	1	4	2	GCGS0276	1580	0.042	R	R (2)	0.997	S	S (0.008)	0.999	S	S (0.004)	1.000	S	S (0.004)	[]
2018-04-18 23:26:40	704	2820	205	0.073	0.880	1	4	2	GCGS0276	1580	0.042	R	R (2)	0.997	S	S (0.008)	0.999	S	S (0.004)	1.000	S	S (0.004)	[]
2018-04-18 23:27:21	705	2822	205	0.073	0.880	1	4	2	GCGS0276	1580	0.042	R	R (2)	0.997	S	S (0.008)	0.999	S	S (0.004)	1.000	S	S (0.004)	[]
2018-04-18 23:28:17	707	2827	205	0.073	0.880	1	4	2	GCGS0276	1580	0.042	R	R (2)	0.997	S	S (0.008)	0.999	S	S (0.004)	1.000	S	S (0.004)	[]
2018-04-18 23:29:16	708	2829	205	0.073	0.880	1	4	2	GCGS0276	1580	0.042	R	R (2)	0.997	S	S (0.008)	0.999	S	S (0.004)	1.000	S	S (0.004)	[]
2018-04-18 23:30:30	710	2832	206	0.073	0.880	1	4	2	GCGS0276	1580	0.042	R	R (2)	0.997	S	S (0.008)	0.999	S	S (0.004)	1.000	S	S (0.004)	[]
2018-04-18 23:30:43	711	2833	206	0.073	0.880	1	4	2	GCGS0276	1580	0.042	R	R (2)	0.997	S	S (0.008)	0.999	S	S (0.004)	1.000	S	S (0.004)	[]
2018-04-18 23:33:22	713	2837	206	0.072	0.880	1	4	2	GCGS0276	1580	0.042	R	R (2)	0.997	S	S (0.008)	0.999	S	S (0.004)	1.000	S	S (0.004)	[]
2018-04-18 23:35:00	715	2844	206	0.072	0.880	1	4	2	GCGS0276	1580	0.042	R	R (2)	0.997	S	S (0.008)	0.999	S	S (0.004)	1.000	S	S (0.004)	[]
2018-04-18 23:36:56	717	2846	206	0.072	0.880	1	4	2	GCGS0276	1580	0.042	R	R (2)	0.997	S	S (0.008)	0.999	S	S (0.004)	1.000	S	S (0.004)	[]
2018-04-18 23:37:47	718	2848	206	0.072	0.880	1	4	2	GCGS0276	1580	0.042	R	R (2)	0.997	S	S (0.008)	0.999	S	S (0.004)	1.000	S	S (0.004)	[]
2018-04-18 23:38:59	719	2851	206	0.072	0.880	1	4	2	GCGS0276	1580	0.042	R	R (2)	0.997	S	S (0.008)	0.999	S	S (0.004)	1.000	S	S (0.004)	[]
2018-04-18 23:39:45	721	2855	206	0.072	0.880	1	4	2	GCGS0276	1580	0.042	R	R (2)	0.997	S	S (0.008)	0.999	S	S (0.004)	1.000	S	S (0.004)	[]
2018-04-18 23:40:47	724	2892	211	0.073	0.880	1	4	2	GCGS0276	1580	0.042	R	R (2)	0.997	S	S (0.008)	0.999	S	S (0.004)	1.000	S	S (0.004)	[]
2018-04-18 23:42:05	728	2904	211	0.073	0.880	1	4	2	GCGS0276	1580	0.042	R	R (2)	0.997	S	S (0.008)	0.999	S	S (0.004)	1.000	S	S (0.004)	[]
2018-04-18 23:43:56	729	2907	211	0.073	0.880	1	4	2	GCGS0276	1580	0.042	R	R (2)	0.997	S	S (0.008)	0.999	S	S (0.004)	1.000	S	S (0.004)	[]
2018-04-18 23:44:52	730	2911	211	0.073	0.880	1	4	2	GCGS0276	1580	0.042	R	R (2)	0.997	S	S (0.008)	0.999	S	S (0.004)	1.000	S	S (0.004)	[]
2018-04-18 23:46:27	731	2914	211	0.072	0.880	1	4	2	GCGS0276	1580	0.042	R	R (2)	0.997	S	S (0.008)	0.999	S	S (0.004)	1.000	S	S (0.004)	[]
2018-04-18 23:46:50	732	2918	211	0.072	0.880	1	4	2	GCGS0276	1580	0.042	R	R (2)	0.997	S	S (0.008)	0.999	S	S (0.004)	1.000	S	S (0.004)	[]
2018-04-18 23:48:19	734	2923	212	0.072	0.880	1	4	2	GCGS0276	1580	0.042	R	R (2)	0.997	S	S (0.008)	0.999	S	S (0.004)	1.000	S	S (0.004)	[]
2018-04-18 23:48:49	736	2930	212	0.072	0.880	1	4	2	GCGS0276	1580	0.042	R	R (2)	0.997	S	S (0.008)	0.999	S	S (0.004)	1.000	S	S (0.004)	[]
2018-04-18 23:49:55	738	2931	212	0.072	0.880	1	4	2	GCGS0276	1580	0.042	R	R (2)	0.997	S	S (0.008)	0.999	S	S (0.004)	1.000	S	S (0.004)	[]
2018-04-18 23:51:13	741	2940	212	0.072	0.880	1	4	2	GCGS0276	1580	0.042	R	R (2)	0.997	S	S (0.008)	0.999	S	S (0.004)	1.000	S	S (0.004)	[]
2018-04-18 23:51:47	743	2945	212	0.072	0.880	1	4	2	GCGS0276	1580	0.042	R	R (2)	0.997	S	S (0.008)	0.999	S	S (0.004)	1.000	S	S (0.004)	[]
2018-04-18 23:53:47	745	2952	212	0.072	0.880	1	4	2	GCGS0276	1580	0.042	R	R (2)	0.997	S	S (0.008)	0.999	S	S (0.004)	1.000	S	S (0.004)	[]
2018-04-18 23:56:47	746	2954	212	0.072	0.880	1	4	2	GCGS0276	1580	0.042	R	R (2)	0.997	S	S (0.008)	0.999	S	S (0.004)	1.000	S	S (0.004)	[]
2018-04-18 23:58:35	748	2989	222	0.074	0.880	1	4	2	GCGS0276	1580	0.042	R	R (2)	0.997	S	S (0.008)	0.999	S	S (0.004)	1.000	S	S (0.004)	[]
2018-04-18 23:58:44	749	2992	222	0.074	0.880	1	4	2	GCGS0276	1580	0.042	R	R (2)	0.997	S	S (0.008)	0.999	S	S (0.004)	1.000	S	S (0.004)	[]
2018-04-18 23:59:58	750	2996	222	0.074	0.880	1	4	2	GCGS0276	1580	0.042	R	R (2)	0.997	S	S (0.008)	0.999	S	S (0.004)	1.000	S	S (0.004)	[]
2018-04-19 00:06:57	753	3003	223	0.074	0.880	1	4	2	GCGS0276	1580	0.042	R	R (2)	0.997	S	S (0.008)	0.999	S	S (0.004)	1.000	S	S (0.004)	[]
2018-04-19 00:10:04	754	3006	223	0.074	0.880	1	4	2	GCGS0276	1580	0.042	R	R (2)	0.997	S	S (0.008)	0.999	S	S (0.004)	1.000	S	S (0.004)	[]
2018-04-19 00:14:41	756	3013	223	0.074	0.880	1	4	2	GCGS0276	1580	0.042	R	R (2)	0.997	S	S (0.008)	0.999	S	S (0.004)	1.000	S	S (0.004)	[]
2018-04-19 00:17:13	757	3016	223	0.074	0.880	1	4	2	GCGS0276	1580	0.042	R	R (2)	0.997	S	S (0.008)	0.999	S	S (0.004)	1.000	S	S (0.004)	[]
2018-04-19 00:19:12	758	3020	223	0.074	0.880	1	4	2	GCGS0276	1580	0.042	R	R (2)	0.997	S	S (0.008)	0.999	S	S (0.004)	1.000	S	S (0.004)	[]
2018-04-19 00:21:52	759	3023	223	0.074	0.880	1	4	2	GCGS0276	1580	0.042	R	R (2)	0.997	S	S (0.008)	0.999	S	S (0.004)	1.000	S	S (0.004)	[]
2018-04-19 00:24:15	760	3027	223	0.074	0.880	1	4	2	GCGS0276	1580	0.042	R	R (2)	0.997	S	S (0.008)	0.999	S	S (0.004)	1.000	S	S (0.004)	[]
2018-04-19 00:26:31	761	3029	223	0.074	0.880	1	4	2	GCGS0276	1580	0.042	R	R (2)	0.997	S	S (0.008)	0.999	S	S (0.004)	1.000	S	S (0.004)	[]
2018-04-19 00:27:10	762	3030	223	0.073	0.880	1	4	2	GCGS0276	1580	0.042	R	R (2)	0.997	S	S (0.008)	0.999	S	S (0.004)	1.000	S	S (0.004)	[]
2018-04-19 00:27:48	764	3037	223	0.073	0.880	1	4	2	GCGS0276	1580	0.042	R	R (2)	0.997	S	S (0.008)	0.999	S	S (0.004)	1.000	S	S (0.004)	[]
2018-04-19 00:31:23	765	3041	223	0.073	0.880	1	4	2	GCGS0276	1580	0.042	R	R (2)	0.997	S	S (0.008)	0.999	S	S (0.004)	1.000	S	S (0.004)	[]
2018-04-19 00:32:34	766	3044	223	0.073	0.880	1	4	2	GCGS0276	1580	0.042	R	R (2)	0.997	S	S (0.008)	0.999	S	S (0.004)	1.000	S	S (0.004)	[]
2018-04-19 00:33:25	767	3045	223	0.073	0.880	1	4	2	GCGS0276	1580	0.042	R	R (2)	0.997	S	S (0.008)	0.999	S	S (0.004)	1.000	S	S (0.004)	[]
2018-04-19 00:34:41	768	3047	223	0.073	0.880	1	4	2	GCGS0276	1580	0.042	R	R (2)	0.997	S	S (0.008)	0.999	S	S (0.004)	1.000	S	S (0.004)	[]
2018-04-19 00:35:45	770	3053	223	0.073	0.880	1	4	2	GCGS0276	1580	0.042	R	R (2)	0.997	S	S (0.008)	0.999	S	S (0.004)	1.000	S	S (0.004)	[]
2018-04-19 00:37:01	771	3057	223	0.073	0.880	1	4	2	GCGS0276	1580	0.042	R	R (2)	0.997	S	S (0.008)	0.999	S	S (0.004)	1.000	S	S (0.004)	[]
2018-04-19 00:37:56	772	3060	223	0.073	0.880	1	4	2	GCGS0276	1580	0.042	R	R (2)	0.997	S	S (0.008)	0.999	S	S (0.004)	1.000	S	S (0.004)	[]
2018-04-19 00:38:54	774	3065	223	0.073	0.880	1	4	2	GCGS0276	1580	0.042	R	R (2)	0.997	S	S (0.008)	0.999	S	S (0.004)	1.000	S	S (0.004)	[]
2018-04-19 00:45:42	775	3068	223	0.073	0.880	1	4	2	GCGS0276	1580	0.042	R	R (2)	0.997	S	S (0.008)	0.999	S	S (0.004)	1.000	S	S (0.004)	[]
2018-04-19 00:48:56	777	3075	223	0.073	0.880	1	4	2	GCGS0276	1580	0.042	R	R (2)	0.997	S	S (0.008)	0.999	S	S (0.004)	1.000	S	S (0.004)	[]
2018-04-19 00:49:56	778	3076	223	0.073	0.880	1	4	2	GCGS0276	1580	0.042	R	R (2)	0.997	S	S (0.008)	0.999	S	S (0.004)	1.000	S	S (0.004)	[]
2018-04-19 00:52:55	779	3079	223	0.073	0.880	1	4	2	GCGS0276	1580	0.042	R	R (2)	0.997	S	S (0.008)	0.999	S	S (0.004)	1.000	S	S (0.004)	[]
2018-04-19 00:58:02	781	3086	223	0.072	0.880	1	4	2	GCGS0276	1580	0.042	R	R (2)	0.997	S	S (0.008)	0.999	S	S (0.004)	1.000	S	S (0.004)	[]
2018-04-19 01:01:30	782	3089	223	0.072	0.880	1	4	2	GCGS0276	1580	0.042	R	R (2)	0.997	S	S (0.008)	0.999	S	S (0.004)	1.000	S	S (0.004)	[]
2018-04-19 01:02:01	783	3093	223	0.072	0.880	1	4	2	GCGS0276	1580	0.042	R	R (2)	0.997	S	S (0.008)	0.999	S	S (0.004)	1.000	S	S (0.004)	[]
2018-04-19 01:03:53	785	3097	223	0.072	0.880	1	4	2	GCGS0276	1580	0.042	R	R (2)	0.997	S	S (0.008)	0.999	S	S (0.004)	1.000	S	S (0.004)	[]
2018-04-19 01:08:57	788	3107	223	0.072	0.880	1	4	2	GCGS0276	1580	0.042	R	R (2)	0.997	S	S (0.008)	0.999	S	S (0.004)	1.000	S	S (0.004)	[]
2018-04-19 01:11:08	790	3111	223	0.072	0.880	1	4	2	GCGS0276	1580	0.042	R	R (2)	0.997	S	S (0.008)	0.999	S	S (0.004)	1.000	S	S (0.004)	[]
2018-04-19 01:11:45	791	3115	223	0.072	0.880	1	4	2	GCGS0276	1580	0.042	R	R (2)	0.997	S	S (0.008)	0.999	S	S (0.004)	1.000	S	S (0.004)	[]
2018-04-19 01:13:30	792	3118	223	0.072	0.880	1	4	2	GCGS0276	1580	0.042	R	R (2)	0.997	S	S (0.008)	0.999	S	S (0.004)	1.000	S	S (0.004)	[]
2018-04-19 01:19:16	793	3121	223	0.072	0.880	1	4	2	GCGS0276	1580	0.042	R	R (2)	0.997	S	S (0.008)	0.999	S	S (0.004)	1.000	S	S (0.004)	[]
2018-04-19 01:20:35	794	3125	223	0.071	0.880	1	4	2	GCGS0276	1580	0.042	R	R (2)	0.997	S	S (0.008)	0.999	S	S (0.004)	1.000	S	S (0.004)	[]
2018-04-19 01:26:51	795	3128	223	0.071	0.880	1	4	2	GCGS0276	1580	0.042	R	R (2)	0.997	S	S (0.008)	0.999	S	S (0.004)	1.000	S	S (0.004)	[]
2018-04-19 01:27:54	797	3133	223	0.071	0.880	1	4	2	GCGS0276	1580	0.042	R	R (2)	0.997	S	S (0.008)	0.999	S	S (0.004)	1.000	S	S (0.004)	[]
2018-04-19 01:31:02	798	3136	223	0.071	0.880	1	4	2	GCGS0276	1580	0.042	R	R (2)	0.997	S	S (0.008)	0.999	S	S (0.004)	1.000	S	S (0.004)	[]
2018-04-19 01:32:20	799	3137	223	0.071	0.880	1	4	2	GCGS0276	1580	0.042	R	R (2)	0.997	S	S (0.008)	0.999	S	S (0.004)	1.000	S	S (0.004)	[]
2018-04-19 01:33:40	800	3140	223	0.071	0.880	1	4	2	GCGS0276	1580	0.042	R	R (2)	0.997	S	S (0.008)	0.999	S	S (0.004)	1.000	S	S (0.004)	[]
2018-04-19 01:36:34	801	3144	223	0.071	0.880	1	4	2	GCGS0276	1580	0.042	R	R (2)	0.997	S	S (0.008)	0.999	S	S (0.004)	1.000	S	S (0.004)	[]
2018-04-19 01:38:41	802	3147	223	0.071	0.880	1	4	2	GCGS0276	1580	0.042	R	R (2)	0.997	S	S (0.008)	0.999	S	S (0.004)	1.000	S	S (0.004)	[]
2018-04-19 01:45:57	804	3154	223	0.071	0.880	1	4	2	GCGS0276	1580	0.042	R	R (2)	0.997	S	S (0.008)	0.999	S	S (0.004)	1.000	S	S (0.004)	[]
2018-04-19 01:46:59	805	3158	223	0.071	0.880	1	4	2	GCGS0276	1580	0.042	R	R (2)	0.997	S	S (0.008)	0.999	S	S (0.004)	1.000	S	S (0.004)	[]
2018-04-19 01:52:33	808	3166	223	0.071	0.880	1	4	2	GCGS0276	1580	0.042	R	R (2)	0.997	S	S (0.008)	0.999	S	S (0.004)	1.000	S	S (0.004)	[]
2018-04-19 01:56:25	809	3170	223	0.070	0.880	1	4	2	GCGS0276	1580	0.042	R	R (2)	0.997	S	S (0.008)	0.999	S	S (0.004)	1.000	S	S (0.004)	[]
2018-04-19 02:07:49	810	3173	223	0.070	0.880	1	4	2	GCGS0276	1580	0.042	R	R (2)	0.997	S	S (0.008)	0.999	S	S (0.004)	1.000	S	S (0.004)	[]
2018-04-19 02:14:29	811	3208	228	0.071	0.880	1	4	2	GCGS0276	1580	0.042	R	R (2)	0.997	S	S (0.008)	0.999	S	S (0.004)	1.000	S	S (0.004)	[]
2018-04-19 02:17:37	812	3211	228	0.071	0.880	1	4	2	GCGS0276	1580	0.042	R	R (2)	0.997	S	S (0.008)	0.999	S	S (0.004)	1.000	S	S (0.004)	[]
2018-04-19 03:04:29	813	3211	228	0.071	0.880	1	4	2	GCGS0276	1580	0.042	R	R (2)	0.997	S	S (0.008)	0.999	S	S (0.004)	1.000	S	S (0.004)	[]
2018-04-19 03:05:52	814	3213	228	0.071	0.880	1	4	2	GCGS0276	1580	0.042	R	R (2)	0.997	S	S (0.008)	0.999	S	S (0.004)	1.000	S	S (0.004)	[]
2018-04-19 03:06:45	815	3216	228	0.071	0.880	1	4	2	GCGS0276	1580	0.042	R	R (2)	0.997	S	S (0.008)	0.999	S	S (0.004)	1.000	S	S (0.004)	[]
2018-04-19 03:19:10	818	3226	228	0.071	0.880	1	4	2	GCGS0276	1580	0.042	R	R (2)	0.997	S	S (0.008)	0.999	S	S (0.004)	1.000	S	S (0.004)	[]
2018-04-19 03:23:03	819	3229	228	0.071	0.880	1	4	2	GCGS0276	1580	0.042	R	R (2)	0.997	S	S (0.008)	0.999	S	S (0.004)	1.000	S	S (0.004)	[]
2018-04-19 03:25:31	820	3233	228	0.070	0.880	1	4	2	GCGS0276	1580	0.042	R	R (2)	0.997	S	S (0.008)	0.999	S	S (0.004)	1.000	S	S (0.004)	[]
2018-04-19 03:27:45	821	3235	228	0.070	0.880	1	4	2	GCGS0276	1580	0.042	R	R (2)	0.997	S	S (0.008)	0.999	S	S (0.004)	1.000	S	S (0.004)	[]
2018-04-19 03:34:50	822	3239	228	0.070	0.880	1	4	2	GCGS0276	1580	0.042	R	R (2)	0.997	S	S (0.008)	0.999	S	S (0.004)	1.000	S	S (0.004)	[]
2018-04-19 03:44:48	823	3242	228	0.070	0.880	1	4	2	GCGS0276	1580	0.042	R	R (2)	0.997	S	S (0.008)	0.999	S	S (0.004)	1.000	S	S (0.004)	[]
2018-04-19 03:46:35	824	3245	228	0.070	0.880	1	4	2	GCGS0276	1580	0.042	R	R (2)	0.997	S	S (0.008)	0.999	S	S (0.004)	1.000	S	S (0.004)	[]
2018-04-19 03:59:52	825	3248	228	0.070	0.880	1	4	2	GCGS0276	1580	0.042	R	R (2)	0.997	S	S (0.008)	0.999	S	S (0.004)	1.000	S	S (0.004)	[]
2018-04-19 04:00:51	826	3250	228	0.070	0.880	1	4	2	GCGS0276	1580	0.042	R	R (2)	0.997	S	S (0.008)	0.999	S	S (0.004)	1.000	S	S (0.004)	[]
2018-04-19 04:05:12	827	3271	233	0.071	0.880	1	4	2	GCGS0276	1580	0.042	R	R (2)	0.997	S	S (0.008)	0.999	S	S (0.004)	1.000	S	S (0.004)	[]
2018-04-19 04:06:22	828	3275	233	0.071	0.880	1	4	2	GCGS0276	1580	0.042	R	R (2)	0.997	S	S (0.008)	0.999	S	S (0.004)	1.000	S	S (0.004)	[]
2018-04-19 04:09:57	829	3276	233	0.071	0.880	1	4	2	GCGS0276	1580	0.042	R	R (2)	0.997	S	S (0.008)	0.999	S	S (0.004)	1.000	S	S (0.004)	[]
2018-04-19 04:10:47	830	3278	233	0.071	0.880	1	4	2	GCGS0276	1580	0.042	R	R (2)	0.997	S	S (0.008)	0.999	S	S (0.004)	1.000	S	S (0.004)	[]
2018-04-19 04:12:24	831	3282	233	0.071	0.880	1	4	2	GCGS0276	1580	0.042	R	R (2)	0.997	S	S (0.008)	0.999	S	S (0.004)	1.000	S	S (0.004)	[]
2018-04-19 04:16:42	832	3284	234	0.071	0.880	1	4	2	GCGS0276	1580	0.042	R	R (2)	0.997	S	S (0.008)	0.999	S	S (0.004)	1.000	S	S (0.004)	[]
2018-04-19 04:33:26	833	3288	234	0.071	0.880	1	4	2	GCGS0276	1580	0.042	R	R (2)	0.997	S	S (0.008)	0.999	S	S (0.004)	1.000	S	S (0.004)	[]
2018-04-19 04:51:23	834	3291	234	0.071	0.880	1	4	2	GCGS0276	1580	0.042	R	R (2)	0.997	S	S (0.008)	0.999	S	S (0.004)	1.000	S	S (0.004)	[]
2018-04-19 04:56:53	835	3294	234	0.071	0.880	1	4	2	GCGS0276	1580	0.042	R	R (2)	0.997	S	S (0.008)	0.999	S	S (0.004)	1.000	S	S (0.004)	[]
2018-04-19 05:09:45	836	3298	234	0.071	0.880	1	4	2	GCGS0276	1580	0.042	R	R (2)	0.997	S	S (0.008)	0.999	S	S (0.004)	1.000	S	S (0.004)	[]
2018-04-19 05:16:11	837	3301	234	0.071	0.880	1	4	2	GCGS0276	1580	0.042	R	R (2)	0.997	S	S (0.008)	0.999	S	S (0.004)	1.000	S	S (0.004)	[]
2018-04-19 06:05:08	838	3305	234	0.071	0.880	1	4	2	GCGS0276	1580	0.042	R	R (2)	0.997	S	S (0.008)	0.999	S	S (0.004)	1.000	S	S (0.004)	[]
2018-04-19 06:07:30	839	3308	234	0.071	0.880	1	4	2	GCGS0276	1580	0.042	R	R (2)	0.997	S	S (0.008)	0.999	S	S (0.004)	1.000	S	S (0.004)	[]
2018-04-19 06:07:44	840	3312	234	0.071	0.880	1	4	2	GCGS0276	1580	0.042	R	R (2)	0.997	S	S (0.008)	0.999	S	S (0.004)	1.000	S	S (0.004)	[]
2018-04-19 06:14:50	841	3313	234	0.071	0.880	1	4	2	GCGS0276	1580	0.042	R	R (2)	0.997	S	S (0.008)	0.999	S	S (0.004)	1.000	S	S (0.004)	[]
2018-04-19 06:17:39	842	3317	234	0.071	0.880	1	4	2	GCGS0276	1580	0.042	R	R (2)	0.997	S	S (0.008)	0.999	S	S (0.004)	1.000	S	S (0.004)	[]
2018-04-19 06:58:02	843	3317	234	0.071	0.880	1	4	2	GCGS0276	1580	0.042	R	R (2)	0.997	S	S (0.008)	0.999	S	S (0.004)	1.000	S	S (0.004)	[]
2018-04-19 07:01:37	844	3321	234	0.070	0.880	1	4	2	GCGS0276	1580	0.042	R	R (2)	0.997	S	S (0.008)	0.999	S	S (0.004)	1.000	S	S (0.004)	[]
2018-04-19 07:31:06	845	3322	234	0.070	0.880	1	4	2	GCGS0276	1580	0.042	R	R (2)	0.997	S	S (0.008)	0.999	S	S (0.004)	1.000	S	S (0.004)	[]
2018-04-19 07:41:10	847	3329	234	0.070	0.880	1	4	2	GCGS0276	1580	0.042	R	R (2)	0.997	S	S (0.008)	0.999	S	S (0.004)	1.000	S	S (0.004)	[]
2018-04-19 07:48:00	848	3405	244	0.072	0.890	1	4	2	GCGS0276	1580	0.038	R	R (2)	0.998	S	S (0.008)	0.999	S	S (0.004)	1.000	S	S (0.004)	[]
2018-04-19 11:08:50	849	3408	244	0.072	0.890	1	4	2	GCGS0276	1580	0.038	R	R (2)	0.998	S	S (0.008)	0.999	S	S (0.004)	1.000	S	S (0.004)	[]
2018-04-19 11:53:23	850	3411	244	0.072	0.890	1	4	2	GCGS0276	1580	0.038	R	R (2)	0.998	S	S (0.008)	0.999	S	S (0.004)	1.000	S	S (0.004)	[]
2018-04-19 11:54:32	851	3414	244	0.072	0.890	1	4	2	GCGS0276	1580	0.038	R	R (2)	0.998	S	S (0.008)	0.999	S	S (0.004)	1.000	S	S (0.004)	[]
2018-04-19 11:54:41	852	3419	245	0.072	0.890	1	4	2	GCGS0276	1580	0.038	R	R (2)	0.998	S	S (0.008)	0.999	S	S (0.004)	1.000	S	S (0.004)	[]
2018-04-19 12:04:22	853	3421	246	0.072	0.890	1	4	2	GCGS0276	1580	0.038	R	R (2)	0.998	S	S (0.008)	0.999	S	S (0.004)	1.000	S	S (0.004)	[]
2018-04-19 13:18:44	854	3421	246	0.072	0.890	1	4	2	GCGS0276	1580	0.038	R	R (2)	0.998	S	S (0.008)	0.999	S	S (0.004)	1.000	S	S (0.004)	[]
2018-04-19 14:10:02	855	3425	246	0.072	0.890	1	4	2	GCGS0276	1580	0.038	R	R (2)	0.998	S	S (0.008)	0.999	S	S (0.004)	1.000	S	S (0.004)	[]
2018-04-19 15:15:36	856	3428	246	0.072	0.890	1	4	2	GCGS0276	1580	0.038	R	R (2)	0.998	S	S (0.008)	0.999	S	S (0.004)	1.000	S	S (0.004)	[]
