taxid	pg	weight	weight_norm	ln	ln_norm	count	count_norm
GCGS0092	4	153274758	0.305	571091048	0.302	28175	0.132
GCGS0523	4	22276104	0.044	83092575	0.044	5709	0.027
GCGS0540	4	17303019	0.034	64415199	0.034	3685	0.017
GCGS0062	4	10287323	0.020	38341521	0.020	2674	0.013
GCGS0669	7	6276035	0.012	23301745	0.012	1556	0.007
GCGS1062	4	5074813	0.010	19162462	0.010	2031	0.010
GCGS0249	4	4609142	0.009	17123124	0.009	1331	0.006
GCGS0763	4	4315274	0.009	16132074	0.009	1415	0.007
GCGS0610	4	4053453	0.008	15026276	0.008	978	0.005
GCGS1034	4	3897129	0.008	14735570	0.008	1670	0.008
GCGS0009	4	3594519	0.007	13295301	0.007	1051	0.005
GCGS0795	4	3332349	0.007	12364688	0.007	901	0.004
GCGS0106	4	3239892	0.006	11994299	0.006	833	0.004
GCGS0516	7	3193195	0.006	12014856	0.006	796	0.004
GCGS0374	4	3181554	0.006	11876588	0.006	878	0.004
GCGS0470	4	2724353	0.005	10208231	0.005	1083	0.005
GCGS0544	7	2694227	0.005	10150241	0.005	1005	0.005
GCGS0720	4	2655222	0.005	10158344	0.005	837	0.004
GCGS0316	7	2493368	0.005	9440830	0.005	854	0.004
GCGS0505	4	2380356	0.005	8695730	0.005	633	0.003
GCGS0578	4	2313886	0.005	8392950	0.004	570	0.003
GCGS0247	4	2253318	0.004	8659985	0.005	1451	0.007
GCGS0433	7	2125996	0.004	8136926	0.004	677	0.003
GCGS0577	4	2104541	0.004	7746411	0.004	673	0.003
GCGS0300	4	2102748	0.004	7721700	0.004	584	0.003
GCGS0010	4	2068602	0.004	7756953	0.004	781	0.004
GCGS0552	7	2063898	0.004	7713028	0.004	667	0.003
GCGS1025	4	2036817	0.004	7678973	0.004	732	0.003
GCGS0622	4	2002370	0.004	7509174	0.004	584	0.003
GCGS0581	4	2000796	0.004	7541096	0.004	572	0.003
GCGS0409	4	1989603	0.004	7233591	0.004	608	0.003
GCGS0522	7	1987284	0.004	7394690	0.004	590	0.003
GCGS0583	7	1886245	0.004	7005767	0.004	576	0.003
GCGS0434	4	1847986	0.004	6899505	0.004	580	0.003
GCGS0337	4	1841567	0.004	6787679	0.004	563	0.003
GCGS0823	4	1839926	0.004	6738569	0.004	590	0.003
GCGS0416	4	1817007	0.004	6771634	0.004	527	0.002
GCGS0144	4	1764992	0.004	6624533	0.004	718	0.003
GCGS0719	4	1698766	0.003	6255819	0.003	487	0.002
GCGS0306	2	1667307	0.003	6252994	0.003	673	0.003
GCGS0649	4	1664775	0.003	6329295	0.003	520	0.002
GCGS0681	7	1660936	0.003	6185388	0.003	561	0.003
GCGS0275	4	1655460	0.003	6099457	0.003	509	0.002
GCGS0747	7	1644670	0.003	6236017	0.003	501	0.002
GCGS0476	7	1643633	0.003	6132936	0.003	534	0.002
GCGS1081	4	1584959	0.003	5933522	0.003	622	0.003
GCGS0789	7	1502585	0.003	5736378	0.003	474	0.002
GCGS0582	7	1478215	0.003	5565703	0.003	485	0.002
GCGS1022	4	1473253	0.003	5445014	0.003	538	0.003
GCGS0455	7	1465773	0.003	5493093	0.003	604	0.003
GCGS0308	4	1456682	0.003	5382593	0.003	426	0.002
GCGS0621	4	1435496	0.003	5407096	0.003	471	0.002
GCGS0813	4	1415993	0.003	5281286	0.003	406	0.002
GCGS0342	4	1403082	0.003	5331517	0.003	477	0.002
GCGS0478	7	1400691	0.003	5176251	0.003	490	0.002
GCGS0593	7	1383916	0.003	5132241	0.003	474	0.002
GCGS0084	7	1379199	0.003	5219832	0.003	446	0.002
GCGS0595	4	1358277	0.003	5087124	0.003	444	0.002
GCGS0643	7	1357171	0.003	5228182	0.003	444	0.002
GCGS0503	4	1345986	0.003	5058990	0.003	460	0.002
GCGS0528	4	1339506	0.003	5177708	0.003	442	0.002
GCGS0276	4	1332346	0.003	5007334	0.003	445	0.002
GCGS0361	7	1303828	0.003	4835573	0.003	441	0.002
GCGS0323	4	1289386	0.003	4735107	0.003	435	0.002
GCGS0772	4	1270783	0.003	4701476	0.002	437	0.002
GCGS0601	4	1260403	0.003	4761660	0.003	506	0.002
GCGS0644	7	1243051	0.002	4798315	0.003	439	0.002
GCGS0372	7	1220420	0.002	4464786	0.002	419	0.002
GCGS0741	4	1218330	0.002	4548630	0.002	430	0.002
GCGS0354	7	1185208	0.002	4537217	0.002	462	0.002
GCGS0531	4	1162281	0.002	4250126	0.002	396	0.002
GCGS0356	4	1143376	0.002	4293553	0.002	373	0.002
GCGS0317	2	1134016	0.002	4345887	0.002	510	0.002
GCGS0689	5	1118303	0.002	4331828	0.002	687	0.003
GCGS0745	4	1109194	0.002	4201098	0.002	436	0.002
GCGS0074	2	1107086	0.002	4076983	0.002	586	0.003
GCGS0584	7	1098316	0.002	4041116	0.002	391	0.002
GCGS0564	7	1064849	0.002	3993780	0.002	423	0.002
GCGS0771	4	1038215	0.002	3859973	0.002	387	0.002
GCGS0827	7	1037046	0.002	3898939	0.002	382	0.002
GCGS0787	7	1032988	0.002	3935839	0.002	405	0.002
GCGS0641	7	1025135	0.002	3940587	0.002	448	0.002
GCGS1033	4	1015534	0.002	3776916	0.002	378	0.002
GCGS0497	7	1014687	0.002	3753788	0.002	359	0.002
GCGS0458	7	1012358	0.002	3846242	0.002	417	0.002
GCGS0436	7	997918	0.002	3553052	0.002	275	0.001
GCGS0343	4	994735	0.002	3677741	0.002	316	0.001
GCGS0575	7	986053	0.002	3759729	0.002	409	0.002
GCGS0660	7	962377	0.002	3560836	0.002	397	0.002
GCGS0340	4	944729	0.002	3482133	0.002	331	0.002
GCGS0604	4	939355	0.002	3497213	0.002	385	0.002
GCGS0459	2	936804	0.002	3686633	0.002	535	0.003
GCGS0082	2	933383	0.002	3456456	0.002	510	0.002
GCGS0705	4	930802	0.002	3388131	0.002	330	0.002
GCGS0083	7	930311	0.002	3513196	0.002	338	0.002
GCGS0524	4	927857	0.002	3523849	0.002	336	0.002
GCGS1031	4	912690	0.002	3439725	0.002	357	0.002
GCGS0645	7	896962	0.002	3358284	0.002	330	0.002
GCGS0118	7	891058	0.002	3231640	0.002	348	0.002
GCGS0533	4	890512	0.002	3284637	0.002	344	0.002
GCGS0807	7	889128	0.002	3196308	0.002	383	0.002
GCGS0857	7	881392	0.002	3298329	0.002	364	0.002
GCGS0696	7	865694	0.002	3296697	0.002	364	0.002
GCGS1032	4	851069	0.002	3218776	0.002	345	0.002
GCGS0839	2	849321	0.002	3294980	0.002	535	0.003
GCGS0371	7	847478	0.002	3194701	0.002	354	0.002
GCGS0482	7	839924	0.002	3100158	0.002	343	0.002
GCGS0678	2	833404	0.002	3112481	0.002	480	0.002
GCGS0269	4	816706	0.002	3044544	0.002	298	0.001
GCGS0341	4	816546	0.002	3068609	0.002	330	0.002
GCGS1030	4	815294	0.002	3047554	0.002	339	0.002
GCGS0750	4	798609	0.002	3005984	0.002	332	0.002
GCGS0264	4	797206	0.002	2912893	0.002	304	0.001
GCGS0698	7	791718	0.002	3010986	0.002	339	0.002
GCGS0732	7	790594	0.002	3010940	0.002	344	0.002
GCGS0288	4	788646	0.002	2896774	0.002	299	0.001
GCGS0518	7	780283	0.002	2934078	0.002	351	0.002
GCGS0933	6	775425	0.002	2959374	0.002	663	0.003
GCGS0339	2	761495	0.002	2848227	0.002	456	0.002
GCGS0535	4	749119	0.001	2781092	0.001	298	0.001
GCGS0532	4	746276	0.001	2746165	0.001	323	0.002
GCGS0642	7	741868	0.001	2789969	0.001	315	0.001
GCGS0298	2	738628	0.001	2832619	0.001	400	0.002
GCGS0624	2	728304	0.001	2736493	0.001	443	0.002
GCGS0509	2	728117	0.001	2874350	0.002	449	0.002
GCGS0286	2	727078	0.001	2710026	0.001	369	0.002
GCGS0332	7	714900	0.001	2805595	0.001	341	0.002
GCGS0585	2	691983	0.001	2651544	0.001	567	0.003
GCGS0926	2	691954	0.001	2653424	0.001	443	0.002
GCGS0708	2	689764	0.001	2577369	0.001	363	0.002
GCGS0297	2	656807	0.001	2525783	0.001	371	0.002
GCGS0192	7	647112	0.001	2391862	0.001	261	0.001
GCGS0638	7	642806	0.001	2420129	0.001	261	0.001
GCGS0296	2	642032	0.001	2459583	0.001	370	0.002
GCGS0218	7	634161	0.001	2362280	0.001	282	0.001
GCGS0527	4	631387	0.001	2346279	0.001	269	0.001
GCGS0359	2	625154	0.001	2401225	0.001	366	0.002
GCGS0422	7	616844	0.001	2347553	0.001	295	0.001
GCGS0426	7	613387	0.001	2313170	0.001	295	0.001
GCGS0658	7	610962	0.001	2256597	0.001	281	0.001
GCGS0661	7	604685	0.001	2283480	0.001	281	0.001
GCGS0545	7	603773	0.001	2281543	0.001	291	0.001
GCGS1097	2	593825	0.001	2313939	0.001	414	0.002
GCGS0138	7	587439	0.001	2223710	0.001	265	0.001
GCGS0477	7	583816	0.001	2138881	0.001	270	0.001
GCGS0394	2	583510	0.001	2241185	0.001	378	0.002
GCGS0709	2	580722	0.001	2264132	0.001	408	0.002
GCGS0406	7	577842	0.001	2176753	0.001	248	0.001
GCGS0405	7	577259	0.001	2147348	0.001	248	0.001
GCGS0338	7	569704	0.001	2129852	0.001	280	0.001
GCGS0721	4	567556	0.001	2108194	0.001	260	0.001
GCGS0665	7	562472	0.001	2174833	0.001	257	0.001
GCGS0228	7	549256	0.001	2091384	0.001	251	0.001
GCGS0860	2	546202	0.001	2092632	0.001	346	0.002
GCGS0377	8	535694	0.001	2044217	0.001	549	0.003
GCGS0534	4	534810	0.001	1986357	0.001	260	0.001
GCGS0550	7	530655	0.001	2011356	0.001	253	0.001
GCGS0402	7	525745	0.001	1933663	0.001	239	0.001
GCGS0562	2	520097	0.001	1960328	0.001	333	0.002
GCGS0691	4	518735	0.001	1926785	0.001	249	0.001
GCGS0128	7	515616	0.001	1916331	0.001	237	0.001
GCGS0611	7	514795	0.001	1931057	0.001	249	0.001
GCGS0587	7	511882	0.001	1897378	0.001	250	0.001
GCGS0404	7	507612	0.001	1895684	0.001	244	0.001
GCGS0110	7	497075	0.001	1885155	0.001	248	0.001
GCGS0574	7	492830	0.001	1837985	0.001	239	0.001
GCGS0136	7	490573	0.001	1832615	0.001	244	0.001
GCGS0701	7	488273	0.001	1831849	0.001	245	0.001
GCGS0034	2	486370	0.001	1846561	0.001	301	0.001
GCGS0447	4	486280	0.001	1863890	0.001	249	0.001
GCGS0435	4	485405	0.001	1783465	0.001	233	0.001
GCGS0541	2	478940	0.001	1815885	0.001	290	0.001
GCGS0126	7	478839	0.001	1778140	0.001	237	0.001
GCGS0330	2	478459	0.001	1832519	0.001	316	0.001
GCGS0403	7	476668	0.001	1777131	0.001	233	0.001
GCGS0670	7	474143	0.001	1827781	0.001	252	0.001
GCGS0364	2	456086	0.001	1749688	0.001	278	0.001
GCGS1083	4	433921	0.001	1652637	0.001	212	0.001
GCGS0657	7	429511	0.001	1634140	0.001	243	0.001
GCGS1100	5	426930	0.001	1632947	0.001	243	0.001
GCGS0635	4	423609	0.001	1604262	0.001	225	0.001
GCGS0254	4	422446	0.001	1507751	0.001	212	0.001
GCGS1082	4	418706	0.001	1565897	0.001	209	0.001
GCGS0156	7	417691	0.001	1580326	0.001	225	0.001
GCGS0379	7	404942	0.001	1517668	0.001	232	0.001
GCGS0467	7	401624	0.001	1494564	0.001	216	0.001
GCGS0271	4	392022	0.001	1468900	0.001	223	0.001
GCGS0378	7	388173	0.001	1468392	0.001	229	0.001
GCGS0355	7	386942	0.001	1426303	0.001	214	0.001
GCGS0417	4	383617	0.001	1436558	0.001	213	0.001
GCGS0202	7	381889	0.001	1426404	0.001	209	0.001
GCGS0484	7	381345	0.001	1419229	0.001	215	0.001
GCGS0176	7	380683	0.001	1451349	0.001	207	0.001
GCGS1073	5	378903	0.001	1449703	0.001	222	0.001
GCGS0172	2	378476	0.001	1483568	0.001	288	0.001
GCGS0567	4	378045	0.001	1393949	0.001	219	0.001
GCGS0226	7	374513	0.001	1410272	0.001	204	0.001
GCGS0329	4	365666	0.001	1319631	0.001	204	0.001
GCGS0038	7	365418	0.001	1373733	0.001	213	0.001
GCGS0204	7	362543	0.001	1331385	0.001	202	0.001
GCGS0174	7	361256	0.001	1365242	0.001	207	0.001
GCGS0171	4	359826	0.001	1330470	0.001	191	0.001
GCGS0040	2	359031	0.001	1329461	0.001	252	0.001
GCGS0694	7	354010	0.001	1332821	0.001	200	0.001
GCGS0071	4	352462	0.001	1274392	0.001	187	0.001
GCGS0766	2	348315	0.001	1414649	0.001	250	0.001
GCGS0362	2	347455	0.001	1307927	0.001	242	0.001
GCGS0098	7	347249	0.001	1298085	0.001	205	0.001
GCGS0191	4	345250	0.001	1266855	0.001	197	0.001
GCGS0680	2	344469	0.001	1330287	0.001	301	0.001
GCGS0120	7	343996	0.001	1283261	0.001	199	0.001
GCGS0560	7	341668	0.001	1296180	0.001	217	0.001
GCGS0096	7	341542	0.001	1259178	0.001	201	0.001
GCGS0536	2	340675	0.001	1302168	0.001	215	0.001
GCGS0295	8	338534	0.001	1321745	0.001	298	0.001
GCGS0513	5	336833	0.001	1270093	0.001	203	0.001
GCGS0365	2	336241	0.001	1249599	0.001	209	0.001
GCGS0277	8	335231	0.001	1308693	0.001	307	0.001
GCGS0024	2	332333	0.001	1229498	0.001	259	0.001
GCGS0272	4	332267	0.001	1232312	0.001	187	0.001
GCGS0664	5	329534	0.001	1257084	0.001	189	0.001
GCGS0152	5	324484	0.001	1232732	0.001	234	0.001
GCGS0285	4	320216	0.001	1200825	0.001	202	0.001
GCGS0207	4	317619	0.001	1188505	0.001	183	0.001
GCGS0511	5	315423	0.001	1181260	0.001	201	0.001
GCGS0299	4	315400	0.001	1178092	0.001	194	0.001
GCGS0742	2	314140	0.001	1178036	0.001	209	0.001
GCGS0890	4	313512	0.001	1211572	0.001	195	0.001
GCGS0230	7	312964	0.001	1169199	0.001	193	0.001
GCGS0281	8	312056	0.001	1215198	0.001	294	0.001
GCGS0224	7	311975	0.001	1163167	0.001	191	0.001
GCGS0198	7	311032	0.001	1158513	0.001	194	0.001
GCGS0424	8	310314	0.001	1170248	0.001	236	0.001
GCGS0392	4	304772	0.001	1148478	0.001	195	0.001
GCGS0161	4	301405	0.001	1153948	0.001	191	0.001
GCGS0018	7	300196	0.001	1132833	0.001	192	0.001
GCGS0197	4	298326	0.001	1117789	0.001	181	0.001
GCGS0485	7	293073	0.001	1083761	0.001	191	0.001
GCGS0423	8	292315	0.001	1139425	0.001	466	0.002
GCGS0219	4	292122	0.001	1080334	0.001	177	0.001
GCGS0468	7	285750	0.001	1074198	0.001	189	0.001
GCGS0380	4	283141	0.001	1037300	0.001	172	0.001
GCGS0169	4	282002	0.001	1060028	0.001	172	0.001
GCGS0941	4	281682	0.001	1043298	0.001	181	0.001
GCGS0768	2	281110	0.001	1056531	0.001	229	0.001
GCGS0401	7	279923	0.001	1048915	0.001	187	0.001
GCGS0729	2	274485	0.001	1076993	0.001	232	0.001
GCGS0391	4	274313	0.001	1025925	0.001	182	0.001
GCGS0853	4	272260	0.001	1038226	0.001	176	0.001
GCGS0209	4	271140	0.001	1007268	0.001	172	0.001
GCGS0167	4	270811	0.001	1020374	0.001	171	0.001
GCGS0217	4	269977	0.001	1004652	0.001	171	0.001
GCGS1013	2	269767	0.001	1065695	0.001	231	0.001
GCGS0751	4	269460	0.001	989271	0.001	169	0.001
GCGS0821	4	268736	0.001	1038831	0.001	168	0.001
GCGS0073	4	262694	0.001	980642	0.001	163	0.001
GCGS0829	2	262275	0.001	1004265	0.001	220	0.001
GCGS0663	2	261183	0.001	1027052	0.001	202	0.001
GCGS0289	4	259455	0.001	959711	0.001	181	0.001
GCGS0727	2	254037	0.001	981982	0.001	177	0.001
GCGS0444	5	253648	0.001	985775	0.001	198	0.001
GCGS0199	4	249580	0.000	930486	0.000	166	0.001
GCGS0201	4	248078	0.000	901059	0.000	165	0.001
GCGS0153	4	248073	0.000	931906	0.000	172	0.001
GCGS0457	2	247903	0.000	930716	0.000	212	0.001
GCGS0267	4	247441	0.000	920854	0.000	167	0.001
GCGS0173	4	245816	0.000	915935	0.000	162	0.001
GCGS0931	4	244735	0.000	916602	0.000	170	0.001
GCGS0347	2	243970	0.000	953292	0.001	223	0.001
GCGS0466	5	241565	0.000	880680	0.000	153	0.001
GCGS0193	4	239811	0.000	912671	0.000	159	0.001
GCGS0203	4	237509	0.000	874330	0.000	163	0.001
GCGS0215	4	237212	0.000	871350	0.000	161	0.001
GCGS0333	5	236309	0.000	892600	0.000	175	0.001
GCGS0820	4	236248	0.000	890928	0.000	156	0.001
GCGS0557	5	234752	0.000	886915	0.000	186	0.001
GCGS0211	4	232454	0.000	866722	0.000	158	0.001
GCGS0912	6	232065	0.000	842669	0.000	193	0.001
GCGS0336	2	228240	0.000	912261	0.000	198	0.001
GCGS0002	5	224726	0.000	851005	0.000	161	0.001
GCGS1028	8	224585	0.000	1043423	0.001	486	0.002
GCGS0407	2	222498	0.000	877918	0.000	176	0.001
GCGS0175	4	221080	0.000	819213	0.000	156	0.001
GCGS0964	4	219894	0.000	824419	0.000	165	0.001
GCGS0368	5	219416	0.000	845733	0.000	157	0.001
GCGS0973	6	216756	0.000	803345	0.000	134	0.001
GCGS0586	2	214888	0.000	819750	0.000	186	0.001
GCGS0599	8	213471	0.000	833518	0.000	314	0.001
GCGS1046	8	213146	0.000	827003	0.000	233	0.001
GCGS0655	2	212524	0.000	805357	0.000	194	0.001
GCGS0149	4	212297	0.000	778900	0.000	151	0.001
GCGS0223	4	211881	0.000	784641	0.000	152	0.001
GCGS0496	8	210957	0.000	842076	0.000	271	0.001
GCGS0225	4	210186	0.000	785972	0.000	155	0.001
GCGS0978	6	209627	0.000	784970	0.000	173	0.001
GCGS0251	2	206953	0.000	808787	0.000	175	0.001
GCGS0213	4	205333	0.000	767847	0.000	151	0.001
GCGS0221	4	199654	0.000	739761	0.000	147	0.001
GCGS0874	6	198909	0.000	714192	0.000	129	0.001
GCGS0004	5	198471	0.000	760740	0.000	141	0.001
GCGS1018	5	181829	0.000	674578	0.000	186	0.001
GCGS0324	2	180445	0.000	692681	0.000	161	0.001
GCGS0475	5	179585	0.000	687510	0.000	150	0.001
GCGS0942	6	176517	0.000	677723	0.000	130	0.001
GCGS0263	2	176218	0.000	702445	0.000	308	0.001
GCGS0325	2	175052	0.000	677051	0.000	148	0.001
GCGS1095	2	174726	0.000	677952	0.000	169	0.001
GCGS0834	6	167030	0.000	627652	0.000	140	0.001
GCGS1014	2	166348	0.000	635314	0.000	176	0.001
GCGS1007	6	165378	0.000	662774	0.000	150	0.001
GCGS0843	8	165278	0.000	668880	0.000	284	0.001
GCGS0848	6	161273	0.000	600688	0.000	124	0.001
GCGS0154	8	158927	0.000	629111	0.000	225	0.001
GCGS0384	5	158383	0.000	601024	0.000	134	0.001
GCGS1092	5	157745	0.000	628079	0.000	164	0.001
GCGS0006	5	156591	0.000	622993	0.000	151	0.001
GCGS0086	5	155128	0.000	579726	0.000	137	0.001
GCGS0305	8	154814	0.000	628045	0.000	269	0.001
GCGS0304	8	153547	0.000	632438	0.000	249	0.001
GCGS0164	1	152012	0.000	541433	0.000	115	0.001
GCGS0437	5	151691	0.000	570106	0.000	131	0.001
GCGS0109	6	151270	0.000	554696	0.000	125	0.001
GCGS0023	6	150794	0.000	609443	0.000	139	0.001
GCGS0194	5	148626	0.000	565256	0.000	129	0.001
GCGS0070	5	148016	0.000	562943	0.000	126	0.001
GCGS0369	8	147580	0.000	596128	0.000	198	0.001
GCGS1101	5	147486	0.000	602312	0.000	136	0.001
GCGS0360	5	146933	0.000	567349	0.000	129	0.001
GCGS1021	1	146309	0.000	578150	0.000	130	0.001
GCGS0507	5	146308	0.000	559158	0.000	130	0.001
GCGS0728	2	145507	0.000	575898	0.000	131	0.001
GCGS0318	2	144757	0.000	568833	0.000	129	0.001
GCGS0618	2	142348	0.000	555205	0.000	141	0.001
GCGS0349	2	141245	0.000	553350	0.000	152	0.001
GCGS0571	2	141019	0.000	549735	0.000	148	0.001
GCGS0714	8	139795	0.000	551605	0.000	160	0.001
GCGS0919	6	139082	0.000	519175	0.000	111	0.001
GCGS0546	2	138148	0.000	516874	0.000	129	0.001
GCGS0222	5	137152	0.000	516610	0.000	121	0.001
GCGS0474	8	137135	0.000	545264	0.000	200	0.001
GCGS0335	2	136452	0.000	523533	0.000	150	0.001
GCGS0572	2	135443	0.000	513568	0.000	151	0.001
GCGS0085	6	133693	0.000	501785	0.000	124	0.001
GCGS0551	5	133346	0.000	523531	0.000	127	0.001
GCGS0439	8	132647	0.000	534969	0.000	240	0.001
GCGS0292	11	131593	0.000	512013	0.000	184	0.001
GCGS1076	8	131003	0.000	505113	0.000	188	0.001
GCGS0749	3	129512	0.000	492347	0.000	140	0.001
GCGS0690	5	128999	0.000	480688	0.000	133	0.001
GCGS0449	8	128279	0.000	512320	0.000	199	0.001
GCGS0036	5	126682	0.000	474031	0.000	107	0.000
GCGS0064	2	126448	0.000	480750	0.000	135	0.001
GCGS0929	6	126062	0.000	481020	0.000	149	0.001
GCGS1068	6	125259	0.000	487448	0.000	135	0.001
GCGS0870	8	125010	0.000	509840	0.000	222	0.001
GCGS0432	12	124719	0.000	495139	0.000	207	0.001
GCGS1019	12	123009	0.000	479344	0.000	182	0.001
GCGS0399	13	121508	0.000	451353	0.000	119	0.001
GCGS0830	8	120648	0.000	497797	0.000	202	0.001
GCGS0066	6	120449	0.000	463742	0.000	104	0.000
GCGS0629	5	119359	0.000	455549	0.000	96	0.000
GCGS0920	6	118269	0.000	455160	0.000	123	0.001
GCGS0200	8	117846	0.000	465375	0.000	198	0.001
GCGS0016	2	116813	0.000	452830	0.000	123	0.001
GCGS0918	6	115442	0.000	450524	0.000	107	0.001
GCGS0679	8	115152	0.000	448411	0.000	163	0.001
GCGS0328	2	114209	0.000	434670	0.000	114	0.001
GCGS0472	2	114139	0.000	430269	0.000	127	0.001
GCGS0744	2	113609	0.000	451473	0.000	123	0.001
GCGS0150	8	113335	0.000	437602	0.000	150	0.001
GCGS0012	2	111643	0.000	439759	0.000	119	0.001
GCGS0697	8	111472	0.000	431494	0.000	148	0.001
GCGS0307	8	111152	0.000	446104	0.000	193	0.001
GCGS0132	5	111041	0.000	417762	0.000	101	0.000
GCGS0815	13	110312	0.000	418670	0.000	128	0.001
GCGS0255	8	110078	0.000	453932	0.000	184	0.001
GCGS0743	2	109976	0.000	436221	0.000	122	0.001
GCGS0445	10	108646	0.000	446606	0.000	192	0.001
GCGS0832	2	107960	0.000	421982	0.000	122	0.001
GCGS0871	6	107914	0.000	408527	0.000	91	0.000
GCGS0373	8	107288	0.000	442831	0.000	217	0.001
GCGS1026	5	106870	0.000	404160	0.000	106	0.000
GCGS0014	2	106608	0.000	417448	0.000	116	0.001
GCGS0094	5	106135	0.000	431511	0.000	117	0.001
GCGS0100	2	105609	0.000	412520	0.000	120	0.001
GCGS0370	8	104843	0.000	415804	0.000	172	0.001
GCGS0781	6	104506	0.000	408064	0.000	99	0.000
GCGS0538	12	103620	0.000	415518	0.000	147	0.001
GCGS0902	6	103424	0.000	373093	0.000	99	0.000
GCGS0639	5	103078	0.000	417067	0.000	116	0.001
GCGS0382	6	102320	0.000	402121	0.000	92	0.000
GCGS0819	8	102305	0.000	409922	0.000	156	0.001
GCGS0393	2	102122	0.000	387976	0.000	111	0.001
GCGS0099	5	101831	0.000	395230	0.000	109	0.001
GCGS0139	6	101537	0.000	425162	0.000	102	0.000
GCGS0358	8	101507	0.000	391474	0.000	121	0.001
GCGS0856	6	101444	0.000	402007	0.000	100	0.000
GCGS0438	12	101148	0.000	398882	0.000	129	0.001
GCGS0248	8	101012	0.000	411517	0.000	191	0.001
GCGS0600	10	100730	0.000	401233	0.000	153	0.001
GCGS0849	6	100599	0.000	393186	0.000	100	0.000
GCGS0769	8	100533	0.000	408075	0.000	143	0.001
GCGS0268	11	100447	0.000	397516	0.000	123	0.001
GCGS0561	8	100174	0.000	399743	0.000	131	0.001
GCGS1005	6	99808	0.000	370009	0.000	108	0.001
GCGS1000	6	99581	0.000	377882	0.000	93	0.000
GCGS0400	8	99458	0.000	381474	0.000	124	0.001
GCGS1075	2	99132	0.000	378045	0.000	117	0.001
GCGS0515	8	99074	0.000	394711	0.000	164	0.001
GCGS0553	5	98813	0.000	405754	0.000	114	0.001
GCGS0917	6	98713	0.000	389151	0.000	103	0.000
GCGS0431	8	97512	0.000	388784	0.000	171	0.001
GCGS0869	6	97037	0.000	374695	0.000	97	0.000
GCGS0989	6	96972	0.000	356248	0.000	99	0.000
GCGS0418	2	96872	0.000	367879	0.000	108	0.001
GCGS0282	11	96857	0.000	381205	0.000	124	0.001
GCGS0471	12	96525	0.000	384244	0.000	160	0.001
GCGS0740	6	95822	0.000	375315	0.000	103	0.000
GCGS0315	11	95635	0.000	377907	0.000	132	0.001
GCGS0938	6	94469	0.000	365900	0.000	99	0.000
GCGS0623	10	94199	0.000	379004	0.000	144	0.001
GCGS1103	8	94157	0.000	390152	0.000	150	0.001
GCGS0568	5	93872	0.000	317366	0.000	79	0.000
GCGS0078	1	93471	0.000	379469	0.000	128	0.001
GCGS0430	8	93462	0.000	372034	0.000	150	0.001
GCGS0072	8	93416	0.000	383620	0.000	162	0.001
GCGS1029	8	92501	0.000	361736	0.000	174	0.001
GCGS0616	3	91978	0.000	370052	0.000	110	0.001
GCGS0252	12	91906	0.000	371144	0.000	117	0.001
GCGS0314	13	91618	0.000	357114	0.000	120	0.001
GCGS0881	6	90644	0.000	352917	0.000	109	0.001
GCGS0397	13	90516	0.000	354868	0.000	104	0.000
GCGS0675	5	90343	0.000	349922	0.000	95	0.000
GCGS0861	5	90301	0.000	360515	0.000	95	0.000
GCGS0363	8	90211	0.000	342247	0.000	134	0.001
GCGS0620	8	90176	0.000	360859	0.000	131	0.001
GCGS0087	6	90170	0.000	347845	0.000	94	0.000
GCGS0388	5	90138	0.000	327970	0.000	82	0.000
GCGS0278	5	89670	0.000	352819	0.000	94	0.000
GCGS0757	6	89669	0.000	354546	0.000	103	0.000
GCGS0722	6	89557	0.000	347419	0.000	93	0.000
GCGS0184	8	89295	0.000	357005	0.000	166	0.001
GCGS0517	8	89279	0.000	355178	0.000	150	0.001
GCGS0991	6	89187	0.000	334710	0.000	95	0.000
GCGS0925	6	89107	0.000	353965	0.000	102	0.000
GCGS0659	5	88870	0.000	347103	0.000	88	0.000
GCGS0463	5	88772	0.000	344932	0.000	90	0.000
GCGS0253	12	88735	0.000	358147	0.000	119	0.001
GCGS0626	5	87910	0.000	318810	0.000	79	0.000
GCGS1054	5	87180	0.000	339233	0.000	99	0.000
GCGS0450	12	87130	0.000	335063	0.000	121	0.001
GCGS0774	5	85590	0.000	319280	0.000	86	0.000
GCGS0055	6	85461	0.000	316309	0.000	87	0.000
GCGS0579	8	85451	0.000	348291	0.000	165	0.001
GCGS0093	6	83658	0.000	321330	0.000	84	0.000
GCGS0748	1	82228	0.000	314813	0.000	97	0.000
GCGS0091	6	82116	0.000	306781	0.000	90	0.000
GCGS0441	11	82023	0.000	323030	0.000	117	0.001
GCGS0501	8	81916	0.000	332464	0.000	124	0.001
GCGS0490	5	81134	0.000	310740	0.000	108	0.001
GCGS0840	5	81079	0.000	313608	0.000	82	0.000
GCGS0429	8	80945	0.000	312123	0.000	111	0.001
GCGS0257	8	80872	0.000	326299	0.000	148	0.001
GCGS0348	8	80627	0.000	322344	0.000	166	0.001
GCGS0993	6	80464	0.000	295522	0.000	77	0.000
GCGS0050	12	80392	0.000	315679	0.000	125	0.001
GCGS0357	8	80285	0.000	334042	0.000	157	0.001
GCGS0279	8	79842	0.000	313315	0.000	138	0.001
GCGS0108	5	79742	0.000	313853	0.000	85	0.000
GCGS0695	5	79416	0.000	304217	0.000	91	0.000
GCGS0990	6	79218	0.000	299316	0.000	91	0.000
GCGS0968	6	78861	0.000	301177	0.000	85	0.000
GCGS0784	8	78450	0.000	297628	0.000	101	0.000
GCGS0487	5	77914	0.000	308022	0.000	94	0.000
GCGS0767	6	77913	0.000	299458	0.000	86	0.000
GCGS0731	5	77837	0.000	307967	0.000	89	0.000
GCGS0653	5	77383	0.000	301273	0.000	95	0.000
GCGS0828	3	77238	0.000	290434	0.000	107	0.000
GCGS0452	5	76727	0.000	280190	0.000	87	0.000
GCGS1104	5	76297	0.000	284877	0.000	83	0.000
GCGS0636	5	75435	0.000	307240	0.000	79	0.000
GCGS0489	12	75097	0.000	304662	0.000	120	0.001
GCGS0488	12	74980	0.000	297887	0.000	134	0.001
GCGS0313	12	74493	0.000	290576	0.000	109	0.001
GCGS0068	6	74186	0.000	287249	0.000	85	0.000
GCGS0614	3	74118	0.000	296340	0.000	95	0.000
GCGS0163	6	74045	0.000	261057	0.000	80	0.000
GCGS0878	6	73794	0.000	284187	0.000	86	0.000
GCGS0480	5	73785	0.000	277109	0.000	82	0.000
GCGS0353	8	73779	0.000	289217	0.000	138	0.001
GCGS0526	8	73423	0.000	301188	0.000	148	0.001
GCGS0654	5	73419	0.000	281998	0.000	85	0.000
GCGS0868	6	73393	0.000	281488	0.000	87	0.000
GCGS0782	8	73277	0.000	283114	0.000	90	0.000
GCGS0746	1	73192	0.000	282610	0.000	90	0.000
GCGS0885	6	72469	0.000	265141	0.000	74	0.000
GCGS0235	6	72422	0.000	266487	0.000	69	0.000
GCGS0454	8	72304	0.000	297472	0.000	138	0.001
GCGS0442	8	72301	0.000	274786	0.000	94	0.000
GCGS0419	5	71890	0.000	267698	0.000	92	0.000
GCGS0440	8	71811	0.000	294202	0.000	120	0.001
GCGS0322	8	71203	0.000	293708	0.000	136	0.001
GCGS0145	6	70890	0.000	251472	0.000	69	0.000
GCGS0647	8	70676	0.000	270364	0.000	93	0.000
GCGS0196	5	70612	0.000	276707	0.000	83	0.000
GCGS0237	6	70479	0.000	283370	0.000	88	0.000
GCGS0097	6	70399	0.000	257420	0.000	83	0.000
GCGS0609	5	70351	0.000	280707	0.000	74	0.000
GCGS0710	5	70325	0.000	283078	0.000	77	0.000
GCGS0453	8	69961	0.000	279911	0.000	136	0.001
GCGS0483	5	69954	0.000	269032	0.000	84	0.000
GCGS0351	12	69595	0.000	270961	0.000	120	0.001
GCGS0554	8	69557	0.000	273158	0.000	146	0.001
GCGS0845	3	69556	0.000	284101	0.000	89	0.000
GCGS0563	1	69328	0.000	266207	0.000	90	0.000
GCGS0345	11	69322	0.000	281973	0.000	112	0.001
GCGS0303	12	69319	0.000	274586	0.000	120	0.001
GCGS0243	12	69091	0.000	275600	0.000	106	0.000
GCGS0261	12	68858	0.000	287066	0.000	121	0.001
GCGS0500	11	68640	0.000	273058	0.000	109	0.001
GCGS1001	6	68455	0.000	266712	0.000	95	0.000
GCGS0835	6	68199	0.000	270084	0.000	80	0.000
GCGS0673	5	67948	0.000	267690	0.000	100	0.000
GCGS0464	5	67552	0.000	271577	0.000	83	0.000
GCGS0733	1	67442	0.000	257955	0.000	89	0.000
GCGS0294	10	67431	0.000	277273	0.000	117	0.001
GCGS0448	5	66664	0.000	243868	0.000	84	0.000
GCGS0799	5	66106	0.000	275424	0.000	80	0.000
GCGS0906	6	66096	0.000	249353	0.000	87	0.000
GCGS0794	3	66039	0.000	258150	0.000	96	0.000
GCGS0256	10	65990	0.000	277064	0.000	120	0.001
GCGS0529	11	65893	0.000	259827	0.000	116	0.001
GCGS0208	8	65810	0.000	267050	0.000	112	0.001
GCGS0923	6	65771	0.000	260582	0.000	79	0.000
GCGS0250	12	65659	0.000	266083	0.000	114	0.001
GCGS0290	11	65485	0.000	268530	0.000	118	0.001
GCGS0112	8	64987	0.000	262752	0.000	118	0.001
GCGS0922	6	64890	0.000	234499	0.000	71	0.000
GCGS0677	5	64003	0.000	251769	0.000	75	0.000
GCGS0410	5	63617	0.000	249706	0.000	79	0.000
GCGS0013	3	63479	0.000	241860	0.000	96	0.000
GCGS0262	12	63319	0.000	257122	0.000	118	0.001
GCGS0493	5	63106	0.000	229510	0.000	67	0.000
GCGS0376	8	62991	0.000	249729	0.000	109	0.001
GCGS0793	13	62853	0.000	226853	0.000	95	0.000
GCGS0052	5	62721	0.000	257340	0.000	90	0.000
GCGS0461	11	62095	0.000	246274	0.000	99	0.000
GCGS0884	6	61768	0.000	233721	0.000	74	0.000
GCGS0987	6	61413	0.000	245429	0.000	79	0.000
GCGS0596	5	60975	0.000	229690	0.000	83	0.000
GCGS0044	1	60925	0.000	227443	0.000	113	0.001
GCGS0005	6	60724	0.000	231171	0.000	74	0.000
GCGS0905	6	60636	0.000	230821	0.000	73	0.000
GCGS0148	5	60625	0.000	235134	0.000	83	0.000
GCGS0858	5	60567	0.000	233034	0.000	83	0.000
GCGS1009	6	60538	0.000	230776	0.000	72	0.000
GCGS0997	6	60255	0.000	225368	0.000	73	0.000
GCGS0590	5	60203	0.000	220738	0.000	70	0.000
GCGS0780	6	60014	0.000	230575	0.000	73	0.000
GCGS0652	8	60013	0.000	247913	0.000	103	0.000
GCGS0053	6	59862	0.000	226540	0.000	72	0.000
GCGS0726	3	59675	0.000	246259	0.000	90	0.000
GCGS1010	6	59556	0.000	230340	0.000	74	0.000
GCGS0980	6	59369	0.000	239227	0.000	75	0.000
GCGS0182	5	59205	0.000	233403	0.000	92	0.000
GCGS0788	13	59194	0.000	234026	0.000	93	0.000
GCGS0976	6	59190	0.000	231325	0.000	75	0.000
GCGS0238	5	59086	0.000	219519	0.000	76	0.000
GCGS0177	6	58839	0.000	226731	0.000	75	0.000
GCGS0246	10	58704	0.000	236013	0.000	112	0.001
GCGS0390	11	58534	0.000	247869	0.000	103	0.000
GCGS0549	5	58026	0.000	234954	0.000	76	0.000
GCGS1088	5	57781	0.000	216974	0.000	82	0.000
GCGS0427	11	57733	0.000	241453	0.000	101	0.000
GCGS0873	6	57603	0.000	228790	0.000	83	0.000
GCGS0656	5	57514	0.000	220703	0.000	78	0.000
GCGS1058	5	57482	0.000	226576	0.000	87	0.000
GCGS0220	5	57346	0.000	228428	0.000	89	0.000
GCGS0597	5	57009	0.000	231725	0.000	69	0.000
GCGS0451	5	56845	0.000	218889	0.000	81	0.000
GCGS1053	10	56844	0.000	228989	0.000	106	0.000
GCGS0792	13	56226	0.000	201297	0.000	90	0.000
GCGS0189	6	56045	0.000	211555	0.000	67	0.000
GCGS1008	6	55911	0.000	210266	0.000	67	0.000
GCGS0008	9	55899	0.000	214413	0.000	97	0.000
GCGS0504	8	55816	0.000	226459	0.000	100	0.000
GCGS0632	5	55577	0.000	222542	0.000	70	0.000
GCGS0460	11	55466	0.000	215945	0.000	90	0.000
GCGS1098	5	55461	0.000	197268	0.000	77	0.000
GCGS0265	12	55244	0.000	228719	0.000	103	0.000
GCGS0935	6	55201	0.000	208900	0.000	73	0.000
GCGS0443	11	55142	0.000	221004	0.000	95	0.000
GCGS0244	10	55063	0.000	224899	0.000	102	0.000
GCGS0214	5	55029	0.000	219829	0.000	87	0.000
GCGS0245	8	54831	0.000	204058	0.000	109	0.001
GCGS0395	11	54685	0.000	216581	0.000	99	0.000
GCGS0879	6	54668	0.000	208116	0.000	70	0.000
GCGS0904	6	54029	0.000	202668	0.000	68	0.000
GCGS0625	5	53722	0.000	218665	0.000	64	0.000
GCGS1017	3	53585	0.000	198344	0.000	84	0.000
GCGS0080	5	53503	0.000	208155	0.000	74	0.000
GCGS0739	9	53415	0.000	222740	0.000	79	0.000
GCGS0775	5	53160	0.000	213844	0.000	68	0.000
GCGS0932	6	52950	0.000	202253	0.000	63	0.000
GCGS0233	6	52834	0.000	208651	0.000	67	0.000
GCGS0502	3	52828	0.000	213738	0.000	74	0.000
GCGS0428	8	52733	0.000	211372	0.000	99	0.000
GCGS0759	6	52654	0.000	196695	0.000	80	0.000
GCGS0548	5	52614	0.000	209359	0.000	74	0.000
GCGS0894	6	52581	0.000	203088	0.000	74	0.000
GCGS0662	12	52449	0.000	212443	0.000	98	0.000
GCGS0606	5	52190	0.000	201316	0.000	69	0.000
GCGS0178	6	52162	0.000	201011	0.000	69	0.000
GCGS0842	6	52091	0.000	191590	0.000	68	0.000
GCGS0020	5	52065	0.000	207073	0.000	85	0.000
GCGS0498	8	52026	0.000	206054	0.000	96	0.000
GCGS0676	5	51884	0.000	287079	0.000	101	0.000
GCGS0398	9	51798	0.000	201829	0.000	106	0.000
GCGS0668	3	51667	0.000	193937	0.000	87	0.000
GCGS0425	8	51556	0.000	206088	0.000	111	0.001
GCGS0972	6	51472	0.000	193430	0.000	65	0.000
GCGS1069	5	51105	0.000	200591	0.000	72	0.000
GCGS0631	5	51024	0.000	202540	0.000	66	0.000
GCGS0982	6	50798	0.000	194839	0.000	69	0.000
GCGS1023	5	50584	0.000	203451	0.000	74	0.000
GCGS0773	5	50490	0.000	196923	0.000	69	0.000
GCGS0319	5	50343	0.000	204116	0.000	82	0.000
GCGS1006	6	50169	0.000	195903	0.000	67	0.000
GCGS0613	3	50157	0.000	197834	0.000	77	0.000
GCGS0320	5	50055	0.000	195516	0.000	74	0.000
GCGS0637	5	49976	0.000	193604	0.000	77	0.000
GCGS0838	6	49774	0.000	190356	0.000	71	0.000
GCGS0805	13	49480	0.000	185543	0.000	83	0.000
GCGS0291	12	49438	0.000	193168	0.000	92	0.000
GCGS0754	5	49325	0.000	186270	0.000	68	0.000
GCGS0514	9	49093	0.000	200996	0.000	85	0.000
GCGS0465	10	49068	0.000	199206	0.000	106	0.000
GCGS0015	3	49021	0.000	204633	0.000	86	0.000
GCGS0077	6	48924	0.000	198067	0.000	62	0.000
GCGS0158	5	48818	0.000	174779	0.000	66	0.000
GCGS0811	6	48720	0.000	183286	0.000	66	0.000
GCGS0833	6	48502	0.000	183512	0.000	74	0.000
GCGS0107	6	48355	0.000	177687	0.000	63	0.000
GCGS1011	6	48245	0.000	189613	0.000	74	0.000
GCGS0381	5	48224	0.000	193364	0.000	75	0.000
GCGS0770	13	48215	0.000	174775	0.000	72	0.000
GCGS0411	5	48072	0.000	185158	0.000	66	0.000
GCGS0939	6	47801	0.000	182021	0.000	69	0.000
GCGS0293	11	47735	0.000	192507	0.000	85	0.000
GCGS0058	5	47707	0.000	188365	0.000	72	0.000
GCGS0030	6	47462	0.000	182819	0.000	68	0.000
GCGS0033	6	47322	0.000	184333	0.000	72	0.000
GCGS0129	6	47205	0.000	176677	0.000	72	0.000
GCGS0761	3	47188	0.000	184754	0.000	72	0.000
GCGS0486	3	47179	0.000	179208	0.000	68	0.000
GCGS0042	5	47142	0.000	182127	0.000	64	0.000
GCGS0274	12	47019	0.000	192772	0.000	87	0.000
GCGS0543	11	47018	0.000	185705	0.000	90	0.000
GCGS0608	5	46830	0.000	191497	0.000	70	0.000
GCGS0983	6	46784	0.000	168541	0.000	62	0.000
GCGS0366	3	46696	0.000	187574	0.000	71	0.000
GCGS0266	10	46541	0.000	189493	0.000	102	0.000
GCGS0456	11	46393	0.000	184266	0.000	88	0.000
GCGS0940	6	46227	0.000	174844	0.000	69	0.000
GCGS0124	6	45911	0.000	180768	0.000	58	0.000
GCGS0909	6	45909	0.000	174184	0.000	64	0.000
GCGS0760	3	45878	0.000	178924	0.000	70	0.000
GCGS0102	6	45838	0.000	172836	0.000	63	0.000
GCGS0725	5	45374	0.000	184089	0.000	73	0.000
GCGS0462	8	45247	0.000	184718	0.000	104	0.000
GCGS0375	12	45223	0.000	184850	0.000	96	0.000
GCGS0165	6	45175	0.000	173896	0.000	66	0.000
GCGS0473	11	45125	0.000	178967	0.000	83	0.000
GCGS1072	5	45033	0.000	156577	0.000	69	0.000
GCGS1060	5	44933	0.000	170350	0.000	63	0.000
GCGS0028	6	44923	0.000	177810	0.000	69	0.000
GCGS1041	5	44681	0.000	177804	0.000	68	0.000
GCGS0352	5	44500	0.000	172184	0.000	63	0.000
GCGS0783	5	43667	0.000	161492	0.000	63	0.000
GCGS0896	6	43617	0.000	162695	0.000	68	0.000
GCGS0166	6	43498	0.000	167954	0.000	63	0.000
GCGS1080	5	43393	0.000	167669	0.000	65	0.000
GCGS1016	6	43382	0.000	180813	0.000	67	0.000
GCGS0520	8	43313	0.000	171903	0.000	91	0.000
GCGS0519	8	43267	0.000	172276	0.000	93	0.000
GCGS0162	11	43259	0.000	170999	0.000	78	0.000
GCGS0301	8	43255	0.000	171667	0.000	91	0.000
GCGS0650	5	43223	0.000	167415	0.000	64	0.000
GCGS0127	6	43031	0.000	157395	0.000	62	0.000
GCGS0142	3	42989	0.000	174477	0.000	85	0.000
GCGS0054	5	42854	0.000	162846	0.000	62	0.000
GCGS0101	6	42750	0.000	168590	0.000	58	0.000
GCGS0239	6	42684	0.000	164833	0.000	63	0.000
GCGS0160	6	42647	0.000	168567	0.000	71	0.000
GCGS0818	13	42640	0.000	173060	0.000	72	0.000
GCGS1071	5	42527	0.000	163247	0.000	63	0.000
GCGS0594	13	42429	0.000	165861	0.000	76	0.000
GCGS0971	6	42388	0.000	162744	0.000	64	0.000
GCGS0414	5	42319	0.000	162811	0.000	66	0.000
GCGS0229	6	42271	0.000	163886	0.000	62	0.000
GCGS0682	3	42135	0.000	163443	0.000	73	0.000
GCGS0415	5	42019	0.000	165875	0.000	64	0.000
GCGS0974	6	41902	0.000	160294	0.000	63	0.000
GCGS0556	10	41717	0.000	169628	0.000	94	0.000
GCGS0965	6	41717	0.000	166191	0.000	57	0.000
GCGS0273	11	41521	0.000	173578	0.000	87	0.000
GCGS0413	5	41456	0.000	162361	0.000	66	0.000
GCGS0026	1	41431	0.000	154198	0.000	69	0.000
GCGS1048	11	41416	0.000	167440	0.000	78	0.000
GCGS0385	5	41009	0.000	161854	0.000	65	0.000
GCGS0117	6	40943	0.000	159077	0.000	64	0.000
GCGS0892	6	40599	0.000	148996	0.000	60	0.000
GCGS0996	6	40522	0.000	166720	0.000	66	0.000
GCGS0903	6	40473	0.000	154683	0.000	62	0.000
GCGS1070	5	40429	0.000	154623	0.000	64	0.000
GCGS1089	5	40427	0.000	157690	0.000	64	0.000
GCGS0558	5	40310	0.000	153327	0.000	64	0.000
GCGS0943	6	40275	0.000	158449	0.000	61	0.000
GCGS0151	6	40217	0.000	153993	0.000	63	0.000
GCGS0891	6	40198	0.000	144700	0.000	60	0.000
GCGS0686	5	40180	0.000	167823	0.000	69	0.000
GCGS0913	6	40151	0.000	151228	0.000	58	0.000
GCGS0037	6	40118	0.000	149215	0.000	58	0.000
GCGS0898	6	40013	0.000	150076	0.000	63	0.000
GCGS0915	6	40013	0.000	157360	0.000	59	0.000
GCGS0876	6	39973	0.000	155149	0.000	62	0.000
GCGS0882	6	39896	0.000	156342	0.000	63	0.000
GCGS0633	5	39877	0.000	157575	0.000	63	0.000
GCGS0105	6	39872	0.000	157767	0.000	70	0.000
GCGS0962	6	39564	0.000	159253	0.000	65	0.000
GCGS1057	6	39530	0.000	148332	0.000	61	0.000
GCGS0350	8	39516	0.000	158505	0.000	90	0.000
GCGS0797	5	39445	0.000	152313	0.000	63	0.000
GCGS0850	11	39388	0.000	164501	0.000	90	0.000
GCGS0114	6	39227	0.000	158679	0.000	63	0.000
GCGS1056	6	39208	0.000	152620	0.000	64	0.000
GCGS0893	6	39179	0.000	143104	0.000	60	0.000
GCGS0051	6	39165	0.000	158592	0.000	58	0.000
GCGS0703	11	39032	0.000	166496	0.000	85	0.000
GCGS0035	6	38992	0.000	149515	0.000	62	0.000
GCGS0880	6	38936	0.000	150979	0.000	61	0.000
GCGS0119	6	38895	0.000	148662	0.000	62	0.000
GCGS0981	6	38733	0.000	148800	0.000	65	0.000
GCGS0589	5	38680	0.000	146611	0.000	62	0.000
GCGS1094	5	38603	0.000	149105	0.000	69	0.000
GCGS1015	1	38582	0.000	158443	0.000	72	0.000
GCGS0147	6	38493	0.000	146134	0.000	59	0.000
GCGS0809	13	38461	0.000	148586	0.000	66	0.000
GCGS0934	6	38340	0.000	149127	0.000	64	0.000
GCGS0195	6	38259	0.000	140656	0.000	59	0.000
GCGS0995	6	38231	0.000	148647	0.000	57	0.000
GCGS0822	6	38084	0.000	147212	0.000	67	0.000
GCGS0121	6	38042	0.000	143465	0.000	61	0.000
GCGS0875	6	38029	0.000	147478	0.000	61	0.000
GCGS0702	3	37890	0.000	149526	0.000	71	0.000
GCGS0420	3	37855	0.000	150335	0.000	70	0.000
GCGS0242	6	37832	0.000	146736	0.000	66	0.000
GCGS1087	5	37821	0.000	147667	0.000	62	0.000
GCGS0801	1	37544	0.000	139175	0.000	66	0.000
GCGS0895	6	37322	0.000	143394	0.000	62	0.000
GCGS0897	6	37305	0.000	143138	0.000	61	0.000
GCGS0901	6	37240	0.000	142935	0.000	62	0.000
GCGS1086	5	37230	0.000	144848	0.000	61	0.000
GCGS0143	6	37172	0.000	145585	0.000	63	0.000
GCGS0970	6	37170	0.000	142696	0.000	62	0.000
GCGS0630	3	37140	0.000	147636	0.000	70	0.000
GCGS0877	6	36993	0.000	144702	0.000	62	0.000
GCGS1085	5	36922	0.000	136753	0.000	58	0.000
GCGS0521	11	36835	0.000	149590	0.000	72	0.000
GCGS0302	11	36805	0.000	149915	0.000	73	0.000
GCGS0506	5	36607	0.000	143526	0.000	62	0.000
GCGS0899	6	36589	0.000	139823	0.000	61	0.000
GCGS0776	5	36546	0.000	138934	0.000	66	0.000
GCGS1037	5	36533	0.000	141772	0.000	61	0.000
GCGS0988	6	36458	0.000	141444	0.000	67	0.000
GCGS0227	6	36433	0.000	137336	0.000	58	0.000
GCGS0986	6	36410	0.000	138613	0.000	62	0.000
GCGS0716	6	36319	0.000	141144	0.000	64	0.000
GCGS0785	5	36318	0.000	148900	0.000	59	0.000
GCGS0479	8	36043	0.000	143062	0.000	83	0.000
GCGS0525	11	35766	0.000	141616	0.000	86	0.000
GCGS0494	9	35762	0.000	138389	0.000	78	0.000
GCGS0816	13	35554	0.000	136807	0.000	65	0.000
GCGS0864	6	35451	0.000	140489	0.000	59	0.000
GCGS0900	6	35394	0.000	136612	0.000	61	0.000
GCGS0592	5	35300	0.000	131883	0.000	59	0.000
GCGS0889	6	35134	0.000	137484	0.000	62	0.000
GCGS0804	13	35043	0.000	134924	0.000	65	0.000
GCGS1038	1	34996	0.000	145485	0.000	67	0.000
GCGS0612	3	34951	0.000	133244	0.000	70	0.000
GCGS0510	5	34590	0.000	139675	0.000	60	0.000
GCGS0924	6	34492	0.000	136780	0.000	57	0.000
GCGS0508	5	34437	0.000	133563	0.000	57	0.000
GCGS0412	3	34431	0.000	140514	0.000	72	0.000
GCGS1002	6	34367	0.000	140199	0.000	62	0.000
GCGS0067	6	34351	0.000	135333	0.000	61	0.000
GCGS1067	1	34218	0.000	129470	0.000	61	0.000
GCGS0979	6	34177	0.000	133458	0.000	58	0.000
GCGS0258	11	34149	0.000	137061	0.000	76	0.000
GCGS0947	6	33875	0.000	124077	0.000	55	0.000
GCGS0259	11	33752	0.000	152850	0.000	82	0.000
GCGS0911	6	33572	0.000	127739	0.000	58	0.000
GCGS0967	6	33529	0.000	127412	0.000	58	0.000
GCGS0914	6	33486	0.000	121683	0.000	57	0.000
GCGS0130	5	33479	0.000	125362	0.000	63	0.000
GCGS0916	6	33421	0.000	126215	0.000	59	0.000
GCGS0852	13	33284	0.000	128257	0.000	67	0.000
GCGS0260	11	33243	0.000	133515	0.000	75	0.000
GCGS0499	5	33215	0.000	131435	0.000	61	0.000
GCGS0975	6	33126	0.000	129976	0.000	55	0.000
GCGS1093	1	33084	0.000	128202	0.000	56	0.000
GCGS0555	3	33036	0.000	135110	0.000	69	0.000
GCGS0131	6	32871	0.000	129980	0.000	64	0.000
GCGS0837	6	32831	0.000	123162	0.000	55	0.000
GCGS0999	6	32804	0.000	125985	0.000	60	0.000
GCGS0617	5	32796	0.000	130532	0.000	59	0.000
GCGS0863	6	32430	0.000	121925	0.000	57	0.000
GCGS1004	6	32292	0.000	121923	0.000	55	0.000
GCGS0003	6	32233	0.000	126656	0.000	58	0.000
GCGS0446	5	32211	0.000	119855	0.000	57	0.000
GCGS0734	3	32207	0.000	122437	0.000	59	0.000
GCGS0984	6	32075	0.000	124574	0.000	56	0.000
GCGS0210	9	32017	0.000	123801	0.000	60	0.000
GCGS0095	6	32010	0.000	124253	0.000	58	0.000
GCGS0963	6	31894	0.000	119944	0.000	60	0.000
GCGS0814	13	31860	0.000	124097	0.000	63	0.000
GCGS0859	1	31806	0.000	152037	0.000	75	0.000
GCGS0969	6	31795	0.000	127877	0.000	57	0.000
GCGS0076	6	31776	0.000	124263	0.000	58	0.000
GCGS0240	1	31762	0.000	135105	0.000	68	0.000
GCGS0542	3	31732	0.000	125199	0.000	65	0.000
GCGS0966	6	31705	0.000	120981	0.000	59	0.000
GCGS1061	1	31703	0.000	128411	0.000	71	0.000
GCGS0855	3	31694	0.000	131605	0.000	66	0.000
GCGS0408	3	31437	0.000	124257	0.000	63	0.000
GCGS0755	13	31397	0.000	120389	0.000	66	0.000
GCGS1078	6	31374	0.000	125767	0.000	57	0.000
GCGS0122	5	31248	0.000	120982	0.000	58	0.000
GCGS0137	6	31196	0.000	121242	0.000	56	0.000
GCGS0928	1	30996	0.000	129852	0.000	60	0.000
GCGS0851	6	30986	0.000	121593	0.000	63	0.000
GCGS0711	5	30947	0.000	118482	0.000	55	0.000
GCGS0937	6	30892	0.000	125323	0.000	58	0.000
GCGS0081	6	30861	0.000	114064	0.000	53	0.000
GCGS1012	6	30829	0.000	117534	0.000	57	0.000
GCGS0344	6	30776	0.000	120742	0.000	58	0.000
GCGS0607	3	30720	0.000	124254	0.000	63	0.000
GCGS0883	6	30707	0.000	119748	0.000	56	0.000
GCGS0945	6	30687	0.000	110897	0.000	59	0.000
GCGS0591	5	30670	0.000	121033	0.000	58	0.000
GCGS0651	3	30658	0.000	122203	0.000	61	0.000
GCGS0140	5	30621	0.000	118871	0.000	57	0.000
GCGS0910	6	30530	0.000	112368	0.000	55	0.000
GCGS0872	6	30425	0.000	116990	0.000	64	0.000
GCGS0715	6	30402	0.000	120644	0.000	57	0.000
GCGS0977	6	30375	0.000	118363	0.000	56	0.000
GCGS0998	6	30334	0.000	116808	0.000	55	0.000
GCGS0159	6	30330	0.000	119466	0.000	57	0.000
GCGS0854	6	30308	0.000	115597	0.000	56	0.000
GCGS1055	3	30209	0.000	126549	0.000	83	0.000
GCGS0735	3	30153	0.000	127499	0.000	69	0.000
GCGS1084	5	30136	0.000	119555	0.000	56	0.000
GCGS0700	1	30056	0.000	126191	0.000	63	0.000
GCGS0628	5	30042	0.000	115053	0.000	57	0.000
GCGS0862	6	30039	0.000	112922	0.000	54	0.000
GCGS0699	13	29925	0.000	118100	0.000	62	0.000
GCGS0887	6	29901	0.000	110546	0.000	55	0.000
GCGS0183	6	29843	0.000	109212	0.000	52	0.000
GCGS0116	1	29774	0.000	121212	0.000	67	0.000
GCGS0512	1	29738	0.000	112357	0.000	66	0.000
GCGS0206	1	29656	0.000	119264	0.000	64	0.000
GCGS0491	5	29592	0.000	115506	0.000	55	0.000
GCGS0598	3	29492	0.000	111785	0.000	65	0.000
GCGS1091	6	29316	0.000	113825	0.000	56	0.000
GCGS1090	6	29298	0.000	113977	0.000	56	0.000
GCGS0232	5	29251	0.000	111900	0.000	58	0.000
GCGS1077	6	29210	0.000	111390	0.000	55	0.000
GCGS0867	3	29201	0.000	112840	0.000	60	0.000
GCGS0985	6	29176	0.000	110649	0.000	55	0.000
GCGS0236	5	29138	0.000	113073	0.000	56	0.000
GCGS0886	6	29132	0.000	113240	0.000	54	0.000
GCGS0954	6	29118	0.000	114225	0.000	57	0.000
GCGS0959	6	29111	0.000	114328	0.000	58	0.000
GCGS0481	1	29107	0.000	117206	0.000	65	0.000
GCGS0712	5	29059	0.000	115860	0.000	56	0.000
GCGS0059	6	29050	0.000	110714	0.000	54	0.000
GCGS0627	5	28981	0.000	110839	0.000	56	0.000
GCGS0957	6	28973	0.000	116727	0.000	55	0.000
GCGS1020	1	28932	0.000	114251	0.000	68	0.000
GCGS0796	5	28850	0.000	112315	0.000	56	0.000
GCGS0141	6	28744	0.000	112395	0.000	58	0.000
GCGS0321	9	28730	0.000	115753	0.000	65	0.000
GCGS0566	3	28695	0.000	114388	0.000	57	0.000
GCGS0684	5	28641	0.000	111500	0.000	56	0.000
GCGS1063	1	28614	0.000	119810	0.000	64	0.000
GCGS0007	6	28495	0.000	111740	0.000	54	0.000
GCGS0111	6	28446	0.000	112218	0.000	56	0.000
GCGS0808	13	28378	0.000	110872	0.000	60	0.000
GCGS0310	11	28325	0.000	118020	0.000	67	0.000
GCGS0952	6	28233	0.000	109637	0.000	59	0.000
GCGS0065	6	28172	0.000	110399	0.000	55	0.000
GCGS1079	6	28127	0.000	108171	0.000	56	0.000
GCGS0309	3	28083	0.000	117452	0.000	54	0.000
GCGS0287	3	28001	0.000	108999	0.000	58	0.000
GCGS0949	6	27842	0.000	105646	0.000	54	0.000
GCGS0706	5	27752	0.000	109459	0.000	55	0.000
GCGS0640	13	27724	0.000	108426	0.000	60	0.000
GCGS0758	13	27711	0.000	108004	0.000	59	0.000
GCGS0798	5	27678	0.000	106975	0.000	55	0.000
GCGS0205	6	27600	0.000	108156	0.000	54	0.000
GCGS0041	6	27598	0.000	108496	0.000	55	0.000
GCGS0779	5	27596	0.000	108212	0.000	56	0.000
GCGS0817	13	27581	0.000	107231	0.000	59	0.000
GCGS0396	9	27570	0.000	105482	0.000	60	0.000
GCGS0790	3	27510	0.000	109062	0.000	64	0.000
GCGS0927	6	27484	0.000	110080	0.000	58	0.000
GCGS0495	9	27445	0.000	108247	0.000	61	0.000
GCGS0956	6	27425	0.000	106156	0.000	55	0.000
GCGS0888	6	27414	0.000	104933	0.000	54	0.000
GCGS0234	5	27325	0.000	105537	0.000	55	0.000
GCGS0841	6	27302	0.000	102351	0.000	53	0.000
GCGS1043	3	27281	0.000	109576	0.000	60	0.000
GCGS0212	9	27265	0.000	108682	0.000	61	0.000
GCGS0231	6	27232	0.000	103868	0.000	55	0.000
GCGS0079	6	27218	0.000	102571	0.000	51	0.000
GCGS0135	6	27194	0.000	105845	0.000	54	0.000
GCGS0936	6	27159	0.000	103359	0.000	53	0.000
GCGS0492	11	27143	0.000	107693	0.000	63	0.000
GCGS0687	11	27123	0.000	107575	0.000	63	0.000
GCGS0088	6	27116	0.000	103930	0.000	56	0.000
GCGS0685	11	27043	0.000	107246	0.000	63	0.000
GCGS0958	6	26934	0.000	104347	0.000	55	0.000
GCGS0693	5	26913	0.000	103881	0.000	56	0.000
GCGS0688	1	26883	0.000	104622	0.000	55	0.000
GCGS0039	6	26849	0.000	102280	0.000	54	0.000
GCGS0241	6	26849	0.000	105549	0.000	53	0.000
GCGS0955	6	26807	0.000	102278	0.000	54	0.000
GCGS0961	6	26706	0.000	103285	0.000	55	0.000
GCGS0844	6	26635	0.000	102842	0.000	53	0.000
GCGS0683	5	26624	0.000	102794	0.000	56	0.000
GCGS0057	6	26617	0.000	105683	0.000	55	0.000
GCGS0723	3	26616	0.000	103164	0.000	54	0.000
GCGS0953	6	26487	0.000	102201	0.000	54	0.000
GCGS0707	5	26392	0.000	102002	0.000	54	0.000
GCGS0605	3	26387	0.000	105771	0.000	58	0.000
GCGS1045	3	26387	0.000	104028	0.000	60	0.000
GCGS0950	6	26328	0.000	101520	0.000	54	0.000
GCGS0104	6	26288	0.000	99253	0.000	53	0.000
GCGS0717	1	26277	0.000	105073	0.000	61	0.000
GCGS0125	6	26225	0.000	101869	0.000	53	0.000
GCGS0588	5	26220	0.000	101585	0.000	55	0.000
GCGS0951	6	26175	0.000	100989	0.000	54	0.000
GCGS0948	6	26063	0.000	101213	0.000	54	0.000
GCGS0115	6	26043	0.000	98122	0.000	55	0.000
GCGS0069	6	26031	0.000	101155	0.000	54	0.000
GCGS0846	3	25987	0.000	104676	0.000	58	0.000
GCGS0047	6	25945	0.000	99360	0.000	54	0.000
GCGS0043	6	25891	0.000	96659	0.000	51	0.000
GCGS0836	6	25793	0.000	100264	0.000	53	0.000
GCGS0075	6	25503	0.000	98985	0.000	56	0.000
GCGS0017	6	25459	0.000	94686	0.000	51	0.000
GCGS0060	1	25290	0.000	97466	0.000	53	0.000
GCGS1036	1	25282	0.000	93581	0.000	52	0.000
GCGS0312	11	25269	0.000	103467	0.000	64	0.000
GCGS0800	1	25243	0.000	99403	0.000	58	0.000
GCGS1096	11	25243	0.000	100015	0.000	56	0.000
GCGS0334	9	25211	0.000	101787	0.000	62	0.000
GCGS0185	6	25150	0.000	97063	0.000	53	0.000
GCGS1066	1	25143	0.000	97380	0.000	59	0.000
GCGS0960	6	25115	0.000	97976	0.000	55	0.000
GCGS0389	3	25085	0.000	100248	0.000	63	0.000
GCGS0646	3	25027	0.000	99952	0.000	56	0.000
GCGS0648	3	24953	0.000	99637	0.000	56	0.000
GCGS1052	6	24934	0.000	94483	0.000	51	0.000
GCGS0602	1	24929	0.000	99756	0.000	56	0.000
GCGS0619	3	24924	0.000	103508	0.000	58	0.000
GCGS0810	1	24909	0.000	102529	0.000	59	0.000
GCGS0580	3	24811	0.000	98617	0.000	59	0.000
GCGS0186	9	24796	0.000	98616	0.000	57	0.000
GCGS0123	6	24698	0.000	96124	0.000	53	0.000
GCGS0946	6	24694	0.000	94699	0.000	52	0.000
GCGS0019	6	24489	0.000	92935	0.000	51	0.000
GCGS0113	6	24488	0.000	95227	0.000	53	0.000
GCGS0765	3	24398	0.000	101429	0.000	59	0.000
GCGS0001	6	24359	0.000	94183	0.000	56	0.000
GCGS0061	6	24350	0.000	93034	0.000	52	0.000
GCGS1044	3	24337	0.000	95504	0.000	60	0.000
GCGS0559	1	24290	0.000	97372	0.000	61	0.000
GCGS0573	3	24175	0.000	95542	0.000	61	0.000
GCGS0908	6	24172	0.000	92882	0.000	51	0.000
GCGS0155	6	24151	0.000	93812	0.000	53	0.000
GCGS0049	6	24089	0.000	91237	0.000	51	0.000
GCGS0764	9	24068	0.000	94260	0.000	56	0.000
GCGS0046	6	24007	0.000	92576	0.000	52	0.000
GCGS0284	11	23980	0.000	99108	0.000	61	0.000
GCGS0994	6	23921	0.000	92618	0.000	52	0.000
GCGS0674	1	23863	0.000	96407	0.000	55	0.000
GCGS0089	6	23856	0.000	92269	0.000	52	0.000
GCGS0569	3	23761	0.000	91489	0.000	57	0.000
GCGS1003	6	23716	0.000	93355	0.000	53	0.000
GCGS0103	6	23677	0.000	93269	0.000	50	0.000
GCGS0752	1	23651	0.000	93990	0.000	59	0.000
GCGS0029	6	23558	0.000	91044	0.000	52	0.000
GCGS1051	6	23471	0.000	90053	0.000	50	0.000
GCGS0063	6	23466	0.000	89740	0.000	51	0.000
GCGS0672	3	23380	0.000	93315	0.000	56	0.000
GCGS1049	6	23374	0.000	89817	0.000	50	0.000
GCGS0181	6	23315	0.000	90304	0.000	51	0.000
GCGS0179	6	23310	0.000	90137	0.000	51	0.000
GCGS1102	1	23306	0.000	92673	0.000	55	0.000
GCGS0791	3	23265	0.000	94591	0.000	58	0.000
GCGS0346	9	23240	0.000	90191	0.000	58	0.000
GCGS0157	6	23212	0.000	89069	0.000	50	0.000
GCGS0803	1	23140	0.000	90694	0.000	53	0.000
GCGS0756	1	23134	0.000	92095	0.000	55	0.000
GCGS0576	3	23128	0.000	91473	0.000	58	0.000
GCGS1099	1	23090	0.000	91805	0.000	54	0.000
GCGS0025	6	23058	0.000	88602	0.000	51	0.000
GCGS0992	6	23018	0.000	89798	0.000	50	0.000
GCGS0187	6	23017	0.000	87991	0.000	51	0.000
GCGS1042	6	22992	0.000	90146	0.000	51	0.000
GCGS0367	3	22940	0.000	90237	0.000	55	0.000
GCGS0133	6	22914	0.000	88522	0.000	51	0.000
GCGS0603	9	22834	0.000	92040	0.000	58	0.000
GCGS0045	6	22805	0.000	87138	0.000	50	0.000
GCGS0802	1	22762	0.000	89472	0.000	53	0.000
GCGS1047	3	22709	0.000	90816	0.000	64	0.000
GCGS0190	1	22676	0.000	88604	0.000	53	0.000
GCGS0216	9	22653	0.000	93234	0.000	53	0.000
GCGS0738	3	22577	0.000	89245	0.000	59	0.000
GCGS0311	11	22425	0.000	91871	0.000	61	0.000
GCGS0753	1	22414	0.000	88451	0.000	53	0.000
GCGS0666	9	22410	0.000	90397	0.000	54	0.000
GCGS0134	1	22393	0.000	85477	0.000	56	0.000
GCGS0180	9	22384	0.000	89423	0.000	56	0.000
GCGS0021	6	22375	0.000	85703	0.000	50	0.000
GCGS0812	3	22348	0.000	88944	0.000	54	0.000
GCGS0469	9	22308	0.000	88937	0.000	57	0.000
GCGS0907	1	22295	0.000	88188	0.000	54	0.000
GCGS0027	6	22294	0.000	85147	0.000	50	0.000
GCGS0547	3	22255	0.000	86714	0.000	53	0.000
GCGS1074	1	22245	0.000	90631	0.000	57	0.000
GCGS0615	3	22217	0.000	88737	0.000	57	0.000
GCGS0847	6	22114	0.000	84787	0.000	51	0.000
GCGS0280	11	21957	0.000	91413	0.000	58	0.000
GCGS0031	6	21941	0.000	84146	0.000	50	0.000
GCGS0826	3	21860	0.000	91089	0.000	54	0.000
GCGS0921	6	21823	0.000	83823	0.000	50	0.000
GCGS0383	9	21790	0.000	86286	0.000	55	0.000
GCGS0537	3	21774	0.000	83387	0.000	54	0.000
GCGS0387	11	21740	0.000	89804	0.000	58	0.000
GCGS1065	1	21679	0.000	86744	0.000	54	0.000
GCGS0806	1	21647	0.000	87003	0.000	57	0.000
GCGS0692	1	21633	0.000	83095	0.000	52	0.000
GCGS0671	3	21550	0.000	86773	0.000	55	0.000
GCGS0777	3	21519	0.000	85139	0.000	54	0.000
GCGS0944	6	21439	0.000	82305	0.000	50	0.000
GCGS0730	9	21404	0.000	90042	0.000	55	0.000
GCGS1035	1	21305	0.000	86851	0.000	53	0.000
GCGS0056	1	21291	0.000	87427	0.000	55	0.000
GCGS0032	1	21205	0.000	84960	0.000	53	0.000
GCGS0539	3	21184	0.000	87912	0.000	52	0.000
GCGS0667	9	21160	0.000	84965	0.000	53	0.000
GCGS0386	11	21127	0.000	87495	0.000	57	0.000
GCGS0724	3	21103	0.000	82607	0.000	55	0.000
GCGS0930	6	20952	0.000	80699	0.000	49	0.000
GCGS0146	9	20841	0.000	82795	0.000	52	0.000
GCGS0283	11	20820	0.000	85929	0.000	56	0.000
GCGS0090	9	20762	0.000	82761	0.000	53	0.000
GCGS1027	1	20712	0.000	78942	0.000	51	0.000
GCGS0327	1	20513	0.000	82882	0.000	52	0.000
GCGS0831	3	20479	0.000	81319	0.000	53	0.000
GCGS0866	3	20377	0.000	80873	0.000	52	0.000
GCGS0824	3	20258	0.000	80109	0.000	53	0.000
GCGS0170	1	20163	0.000	80644	0.000	52	0.000
GCGS0331	9	20082	0.000	79514	0.000	53	0.000
GCGS0865	3	20049	0.000	80589	0.000	51	0.000
GCGS0737	3	20041	0.000	79650	0.000	54	0.000
GCGS1040	3	20027	0.000	77012	0.000	52	0.000
GCGS1050	1	20009	0.000	80777	0.000	51	0.000
GCGS0270	3	19854	0.000	79877	0.000	51	0.000
GCGS0168	1	19767	0.000	79317	0.000	52	0.000
GCGS0634	1	19744	0.000	78030	0.000	51	0.000
GCGS0778	1	19740	0.000	77986	0.000	51	0.000
GCGS0188	9	19673	0.000	77936	0.000	52	0.000
GCGS0421	1	19651	0.000	80543	0.000	51	0.000
GCGS0326	3	19596	0.000	76565	0.000	54	0.000
GCGS0786	3	19559	0.000	76238	0.000	53	0.000
GCGS0022	1	19500	0.000	76669	0.000	51	0.000
GCGS0825	3	19478	0.000	77598	0.000	50	0.000
GCGS0736	3	19155	0.000	75846	0.000	51	0.000
GCGS0718	3	19120	0.000	78268	0.000	50	0.000
GCGS0704	3	18971	0.000	74671	0.000	49	0.000
GCGS0570	3	18781	0.000	74056	0.000	49	0.000
GCGS0530	3	18400	0.000	72834	0.000	49	0.000
GCGS0565	3	18332	0.000	71970	0.000	49	0.000
GCGS1064	1	18299	0.000	72213	0.000	50	0.000
GCGS1039	3	17904	0.000	70114	0.000	51	0.000
GCGS1024	1	17667	0.000	69525	0.000	50	0.000
GCGS0762	1	17534	0.000	69004	0.000	48	0.000
GCGS1059	1	16711	0.000	66269	0.000	48	0.000
GCGS0713	3	16545	0.000	66508	0.000	47	0.000
_unassigned_	NA	0	0.000	3180062	0.002	1609	0.008
