datetime	reads	kbps	kkmers	kmers_prop	pgs	pgs_pass	pg	alt_pg	bm	bm_ST	bm_serotype	cro_ssc	cro_pred	cro_bm	ery_ssc	ery_pred	ery_bm	pen_ssc	pen_pred	pen_bm	sxt_ssc	sxt_pred	sxt_bm	tet_ssc	tet_pred	tet_bm	flags
2017-05-24 13:53:32	0	0	0	0.000	0	0	NA	NA	NA	NA	NA	0.000	R	NA (NA)	0.000	R	NA (NA)	0.000	R	NA (NA)	0.000	R	NA (NA)	0.000	R	NA (NA)	[]
2017-05-24 13:54:50	4	11	0	0.001	0.000	0	13	16	CM917	473	6C	1.000	S	S (0.047)	1.000	S	S (0.064)	1.000	S	S (0.047)	1.000	S	S (0.125)	1.000	S	s (NA)	[D:cro_pred, D:ery_pred, D:pen_pred, D:sxt_pred, D:tet_pred, S:cro_pred, S:pen_pred, S:tet_pred]
2017-05-24 13:56:04	6	18	0	0.001	0.056	0	13	16	CM917	473	6C	0.903	S	S (0.047)	0.903	S	S (0.064)	0.903	S	S (0.047)	1.000	S	S (0.125)	0.903	S	s (NA)	[]
2017-05-24 13:58:04	8	24	0	0.001	0.572	1	16	13	302649	146	6A	0.864	S	S (<0.03)	0.195	R	R (>1)	0.864	S	S (<0.03)	0.195	R	R (2/38)	0.972	S	S (0.5)	[D:pg, L:ery_pred, L:sxt_pred]
2017-05-24 13:59:36	9	27	0	0.001	0.346	0	16	5	302649	146	6A	0.864	S	S (<0.03)	0.195	R	R (>1)	0.864	S	S (<0.03)	0.195	R	R (2/38)	0.972	S	S (0.5)	[]
2017-05-24 14:00:52	11	30	0	0.001	0.346	0	16	5	302649	146	6A	0.864	S	S (<0.03)	0.195	R	R (>1)	0.864	S	S (<0.03)	0.195	R	R (2/38)	0.972	S	S (0.5)	[]
2017-05-24 14:02:14	13	36	0	0.001	0.546	1	2	16	8G3XE	62	11D	1.000	S	S (0.023)	1.000	S	S (0.064)	1.000	S	S (0.023)	1.000	S	S (0.19)	1.000	S	s (NA)	[D:ery_pred, D:sxt_pred, L:pg, S:ery_pred, S:sxt_pred]
2017-05-24 14:02:59	14	39	0	0.001	0.546	1	2	16	8G3XE	62	11D	1.000	S	S (0.023)	1.000	S	S (0.064)	1.000	S	S (0.023)	1.000	S	S (0.19)	1.000	S	s (NA)	[]
2017-05-24 14:04:21	15	42	0	0.001	0.546	1	2	16	8G3XE	62	11D	1.000	S	S (0.023)	1.000	S	S (0.064)	1.000	S	S (0.023)	1.000	S	S (0.19)	1.000	S	s (NA)	[]
2017-05-24 14:04:36	16	44	0	0.001	0.538	1	2	16	8G3XE	62	11D	1.000	S	S (0.023)	1.000	S	S (0.064)	1.000	S	S (0.023)	1.000	S	S (0.19)	1.000	S	s (NA)	[]
2017-05-24 14:07:09	19	53	0	0.001	0.386	0	9	2	R34-3029	36	23F	1.000	S	s (<=0.25)	1.000	S	S (<=0.06)	0.984	S	S (<=0.03)	1.000	S	S (<=0.25)	1.000	S	S (<=0.50)	[]
2017-05-24 14:07:55	20	55	0	0.001	0.386	0	9	2	R34-3029	36	23F	1.000	S	s (<=0.25)	1.000	S	S (<=0.06)	0.984	S	S (<=0.03)	1.000	S	S (<=0.25)	1.000	S	S (<=0.50)	[]
2017-05-24 14:08:45	21	59	0	0.001	0.386	0	9	2	R34-3029	36	23F	1.000	S	s (<=0.25)	1.000	S	S (<=0.06)	0.984	S	S (<=0.03)	1.000	S	S (<=0.25)	1.000	S	S (<=0.50)	[]
2017-05-24 14:11:00	23	65	0	0.001	0.390	0	9	2	R34-3029	36	23F	0.992	S	s (<=0.25)	0.992	S	S (<=0.06)	0.976	S	S (<=0.03)	0.992	S	S (<=0.25)	1.000	S	S (<=0.50)	[]
2017-05-24 14:11:44	24	68	0	0.001	0.390	0	9	2	R34-3029	36	23F	0.992	S	s (<=0.25)	0.992	S	S (<=0.06)	0.976	S	S (<=0.03)	0.992	S	S (<=0.25)	1.000	S	S (<=0.50)	[]
2017-05-24 14:12:40	27	77	0	0.001	0.390	0	9	2	R34-3029	36	23F	0.992	S	s (<=0.25)	0.992	S	S (<=0.06)	0.976	S	S (<=0.03)	0.992	S	S (<=0.25)	1.000	S	S (<=0.50)	[]
2017-05-24 14:13:32	30	85	0	0.001	0.390	0	9	2	R34-3029	36	23F	0.992	S	s (<=0.25)	0.992	S	S (<=0.06)	0.976	S	S (<=0.03)	0.992	S	S (<=0.25)	1.000	S	S (<=0.50)	[]
2017-05-24 14:14:35	33	92	0	0.001	0.390	0	9	2	R34-3029	36	23F	0.992	S	s (<=0.25)	0.992	S	S (<=0.06)	0.976	S	S (<=0.03)	0.992	S	S (<=0.25)	1.000	S	S (<=0.50)	[]
2017-05-24 14:17:00	36	100	0	0.001	0.390	0	9	2	R34-3029	36	23F	0.992	S	s (<=0.25)	0.992	S	S (<=0.06)	0.976	S	S (<=0.03)	0.992	S	S (<=0.25)	1.000	S	S (<=0.50)	[]
2017-05-24 14:17:37	38	105	0	0.001	0.390	0	9	2	R34-3029	36	23F	0.992	S	s (<=0.25)	0.992	S	S (<=0.06)	0.976	S	S (<=0.03)	0.992	S	S (<=0.25)	1.000	S	S (<=0.50)	[]
2017-05-24 14:18:59	42	116	1	0.011	0.972	1	16	9	P213M	180	3	0.998	S	S (0.016)	0.998	S	S (0.064)	0.998	S	S (0.016)	0.998	S	S (0.125)	0.998	S	s (NA)	[D:bm, D:bm_ST, D:bm_serotype, D:pg, S:bm, S:bm_ST, S:bm_serotype, S:pg]
2017-05-24 14:20:35	43	119	1	0.010	0.972	1	16	9	P213M	180	3	0.998	S	S (0.016)	0.998	S	S (0.064)	0.998	S	S (0.016)	0.998	S	S (0.125)	0.998	S	s (NA)	[]
2017-05-24 14:21:44	45	123	1	0.010	0.972	1	16	9	P213M	180	3	0.998	S	S (0.016)	0.998	S	S (0.064)	0.998	S	S (0.016)	0.998	S	S (0.125)	0.998	S	s (NA)	[]
2017-05-24 14:22:51	47	128	1	0.009	0.972	1	16	9	P213M	180	3	0.998	S	S (0.016)	0.998	S	S (0.064)	0.998	S	S (0.016)	0.998	S	S (0.125)	0.998	S	s (NA)	[]
2017-05-24 14:24:52	48	130	1	0.009	0.972	1	16	9	P213M	180	3	0.998	S	S (0.016)	0.998	S	S (0.064)	0.998	S	S (0.016)	0.998	S	S (0.125)	0.998	S	s (NA)	[]
2017-05-24 14:26:28	49	132	1	0.009	0.972	1	16	9	P213M	180	3	0.998	S	S (0.016)	0.998	S	S (0.064)	0.998	S	S (0.016)	0.998	S	S (0.125)	0.998	S	s (NA)	[]
2017-05-24 14:26:50	50	135	1	0.009	0.972	1	16	9	P213M	180	3	0.998	S	S (0.016)	0.998	S	S (0.064)	0.998	S	S (0.016)	0.998	S	S (0.125)	0.998	S	s (NA)	[]
2017-05-24 14:27:45	52	141	1	0.009	0.972	1	16	9	P213M	180	3	0.998	S	S (0.016)	0.998	S	S (0.064)	0.998	S	S (0.016)	0.998	S	S (0.125)	0.998	S	s (NA)	[]
2017-05-24 14:28:32	55	149	1	0.008	0.972	1	16	9	P213M	180	3	0.998	S	S (0.016)	0.998	S	S (0.064)	0.998	S	S (0.016)	0.998	S	S (0.125)	0.998	S	s (NA)	[]
2017-05-24 14:29:41	57	155	1	0.008	0.972	1	16	9	P213M	180	3	0.998	S	S (0.016)	0.998	S	S (0.064)	0.998	S	S (0.016)	0.998	S	S (0.125)	0.998	S	s (NA)	[]
2017-05-24 14:31:17	59	160	1	0.008	0.972	1	16	9	P213M	180	3	0.998	S	S (0.016)	0.998	S	S (0.064)	0.998	S	S (0.016)	0.998	S	S (0.125)	0.998	S	s (NA)	[]
2017-05-24 14:32:51	60	163	1	0.008	0.972	1	16	9	P213M	180	3	0.998	S	S (0.016)	0.998	S	S (0.064)	0.998	S	S (0.016)	0.998	S	S (0.125)	0.998	S	s (NA)	[]
2017-05-24 14:34:16	63	170	1	0.008	0.972	1	16	9	P213M	180	3	0.998	S	S (0.016)	0.998	S	S (0.064)	0.998	S	S (0.016)	0.998	S	S (0.125)	0.998	S	s (NA)	[]
2017-05-24 14:35:48	64	173	1	0.007	0.972	1	16	9	P213M	180	3	0.998	S	S (0.016)	0.998	S	S (0.064)	0.998	S	S (0.016)	0.998	S	S (0.125)	0.998	S	s (NA)	[]
2017-05-24 14:37:17	66	179	1	0.007	0.972	1	16	9	P213M	180	3	0.998	S	S (0.016)	0.998	S	S (0.064)	0.998	S	S (0.016)	0.998	S	S (0.125)	0.998	S	s (NA)	[]
2017-05-24 14:38:14	67	183	1	0.007	0.972	1	16	9	P213M	180	3	0.998	S	S (0.016)	0.998	S	S (0.064)	0.998	S	S (0.016)	0.998	S	S (0.125)	0.998	S	s (NA)	[]
2017-05-24 14:39:29	68	186	1	0.007	0.972	1	16	9	P213M	180	3	0.998	S	S (0.016)	0.998	S	S (0.064)	0.998	S	S (0.016)	0.998	S	S (0.125)	0.998	S	s (NA)	[]
2017-05-24 14:39:46	69	189	1	0.007	0.972	1	16	9	P213M	180	3	0.998	S	S (0.016)	0.998	S	S (0.064)	0.998	S	S (0.016)	0.998	S	S (0.125)	0.998	S	s (NA)	[]
2017-05-24 14:40:45	72	197	1	0.007	0.972	1	16	9	P213M	180	3	0.998	S	S (0.016)	0.998	S	S (0.064)	0.998	S	S (0.016)	0.998	S	S (0.125)	0.998	S	s (NA)	[]
2017-05-24 14:41:55	75	205	1	0.006	0.972	1	16	9	P213M	180	3	0.998	S	S (0.016)	0.998	S	S (0.064)	0.998	S	S (0.016)	0.998	S	S (0.125)	0.998	S	s (NA)	[]
2017-05-24 14:44:20	78	216	1	0.006	0.972	1	16	9	P213M	180	3	0.998	S	S (0.016)	0.998	S	S (0.064)	0.998	S	S (0.016)	0.998	S	S (0.125)	0.998	S	s (NA)	[]
2017-05-24 14:45:03	80	223	1	0.006	0.972	1	16	9	P213M	180	3	0.998	S	S (0.016)	0.998	S	S (0.064)	0.998	S	S (0.016)	0.998	S	S (0.125)	0.998	S	s (NA)	[]
2017-05-24 14:46:03	82	229	1	0.006	0.972	1	16	9	P213M	180	3	0.998	S	S (0.016)	0.998	S	S (0.064)	0.998	S	S (0.016)	0.998	S	S (0.125)	0.998	S	s (NA)	[]
2017-05-24 14:47:26	83	232	1	0.006	0.972	1	16	9	P213M	180	3	0.998	S	S (0.016)	0.998	S	S (0.064)	0.998	S	S (0.016)	0.998	S	S (0.125)	0.998	S	s (NA)	[]
2017-05-24 14:48:44	84	235	1	0.006	0.972	1	16	9	P213M	180	3	0.998	S	S (0.016)	0.998	S	S (0.064)	0.998	S	S (0.016)	0.998	S	S (0.125)	0.998	S	s (NA)	[]
2017-05-24 14:49:51	87	245	1	0.005	0.972	1	16	9	P213M	180	3	0.998	S	S (0.016)	0.998	S	S (0.064)	0.998	S	S (0.016)	0.998	S	S (0.125)	0.998	S	s (NA)	[]
2017-05-24 14:51:28	88	247	1	0.005	0.972	1	16	9	P213M	180	3	0.998	S	S (0.016)	0.998	S	S (0.064)	0.998	S	S (0.016)	0.998	S	S (0.125)	0.998	S	s (NA)	[]
2017-05-24 14:52:04	89	250	1	0.005	0.972	1	16	9	P213M	180	3	0.998	S	S (0.016)	0.998	S	S (0.064)	0.998	S	S (0.016)	0.998	S	S (0.125)	0.998	S	s (NA)	[]
2017-05-24 14:52:43	91	256	1	0.005	0.972	1	16	9	P213M	180	3	0.998	S	S (0.016)	0.998	S	S (0.064)	0.998	S	S (0.016)	0.998	S	S (0.125)	0.998	S	s (NA)	[]
2017-05-24 14:54:31	93	263	2	0.008	0.972	1	16	9	P213M	180	3	0.998	S	S (0.016)	0.998	S	S (0.064)	0.998	S	S (0.016)	0.998	S	S (0.125)	0.998	S	s (NA)	[]
2017-05-24 14:54:49	94	266	2	0.008	0.972	1	16	9	P213M	180	3	0.998	S	S (0.016)	0.998	S	S (0.064)	0.998	S	S (0.016)	0.998	S	S (0.125)	0.998	S	s (NA)	[]
2017-05-24 14:56:08	95	269	2	0.008	0.972	1	16	9	P213M	180	3	0.998	S	S (0.016)	0.998	S	S (0.064)	0.998	S	S (0.016)	0.998	S	S (0.125)	0.998	S	s (NA)	[]
2017-05-24 14:57:02	97	275	2	0.008	0.972	1	16	9	P213M	180	3	0.998	S	S (0.016)	0.998	S	S (0.064)	0.998	S	S (0.016)	0.998	S	S (0.125)	0.998	S	s (NA)	[]
2017-05-24 14:57:54	98	277	2	0.008	0.972	1	16	9	P213M	180	3	0.998	S	S (0.016)	0.998	S	S (0.064)	0.998	S	S (0.016)	0.998	S	S (0.125)	0.998	S	s (NA)	[]
2017-05-24 14:59:16	100	283	2	0.008	0.972	1	16	9	P213M	180	3	0.998	S	S (0.016)	0.998	S	S (0.064)	0.998	S	S (0.016)	0.998	S	S (0.125)	0.998	S	s (NA)	[]
2017-05-24 15:00:20	101	286	2	0.007	0.970	1	16	9	P213M	180	3	0.998	S	S (0.016)	0.998	S	S (0.064)	0.998	S	S (0.016)	0.998	S	S (0.125)	0.998	S	s (NA)	[]
2017-05-24 15:01:07	102	289	2	0.007	0.970	1	16	9	P213M	180	3	0.998	S	S (0.016)	0.998	S	S (0.064)	0.998	S	S (0.016)	0.998	S	S (0.125)	0.998	S	s (NA)	[]
2017-05-24 15:02:07	103	292	2	0.007	0.970	1	16	9	P213M	180	3	0.998	S	S (0.016)	0.998	S	S (0.064)	0.998	S	S (0.016)	0.998	S	S (0.125)	0.998	S	s (NA)	[]
2017-05-24 15:03:25	104	295	2	0.007	0.970	1	16	9	P213M	180	3	0.998	S	S (0.016)	0.998	S	S (0.064)	0.998	S	S (0.016)	0.998	S	S (0.125)	0.998	S	s (NA)	[]
2017-05-24 15:03:43	106	302	2	0.007	0.952	1	16	9	P213M	180	3	0.998	S	S (0.016)	0.994	S	S (0.064)	0.994	S	S (0.016)	0.998	S	S (0.125)	0.994	S	s (NA)	[]
2017-05-24 15:04:40	108	308	3	0.010	0.952	1	16	9	P213M	180	3	0.998	S	S (0.016)	0.994	S	S (0.064)	0.994	S	S (0.016)	0.998	S	S (0.125)	0.994	S	s (NA)	[]
2017-05-24 15:06:19	110	312	3	0.010	0.952	1	16	9	P213M	180	3	0.998	S	S (0.016)	0.994	S	S (0.064)	0.994	S	S (0.016)	0.998	S	S (0.125)	0.994	S	s (NA)	[]
2017-05-24 15:07:39	111	314	3	0.010	0.952	1	16	9	P213M	180	3	0.998	S	S (0.016)	0.994	S	S (0.064)	0.994	S	S (0.016)	0.998	S	S (0.125)	0.994	S	s (NA)	[]
2017-05-24 15:09:07	113	320	3	0.009	0.952	1	16	9	P213M	180	3	0.998	S	S (0.016)	0.994	S	S (0.064)	0.994	S	S (0.016)	0.998	S	S (0.125)	0.994	S	s (NA)	[]
2017-05-24 15:13:53	114	323	3	0.009	0.952	1	16	9	P213M	180	3	0.998	S	S (0.016)	0.994	S	S (0.064)	0.994	S	S (0.016)	0.998	S	S (0.125)	0.994	S	s (NA)	[]
2017-05-24 15:15:21	116	327	3	0.009	0.952	1	16	9	P213M	180	3	0.998	S	S (0.016)	0.994	S	S (0.064)	0.994	S	S (0.016)	0.998	S	S (0.125)	0.994	S	s (NA)	[]
2017-05-24 15:15:53	118	331	3	0.009	0.952	1	16	9	P213M	180	3	0.998	S	S (0.016)	0.994	S	S (0.064)	0.994	S	S (0.016)	0.998	S	S (0.125)	0.994	S	s (NA)	[]
2017-05-24 15:17:40	119	333	3	0.009	0.952	1	16	9	P213M	180	3	0.998	S	S (0.016)	0.994	S	S (0.064)	0.994	S	S (0.016)	0.998	S	S (0.125)	0.994	S	s (NA)	[]
2017-05-24 15:19:09	120	337	3	0.009	0.952	1	16	9	P213M	180	3	0.998	S	S (0.016)	0.994	S	S (0.064)	0.994	S	S (0.016)	0.998	S	S (0.125)	0.994	S	s (NA)	[]
2017-05-24 15:22:05	121	339	3	0.009	0.952	1	16	9	P213M	180	3	0.998	S	S (0.016)	0.994	S	S (0.064)	0.994	S	S (0.016)	0.998	S	S (0.125)	0.994	S	s (NA)	[]
2017-05-24 15:24:38	123	343	3	0.010	0.952	1	16	9	P213M	180	3	0.998	S	S (0.016)	0.994	S	S (0.064)	0.994	S	S (0.016)	0.998	S	S (0.125)	0.994	S	s (NA)	[]
2017-05-24 15:26:30	125	348	4	0.011	0.952	1	16	9	P213M	180	3	0.998	S	S (0.016)	0.994	S	S (0.064)	0.695	S	S (0.016)	0.998	S	S (0.125)	0.695	S	s (NA)	[]
2017-05-24 15:26:37	126	351	4	0.011	0.952	1	16	9	P213M	180	3	0.998	S	S (0.016)	0.994	S	S (0.064)	0.695	S	S (0.016)	0.998	S	S (0.125)	0.695	S	s (NA)	[]
2017-05-24 15:27:54	128	355	4	0.011	0.952	1	16	9	P213M	180	3	0.998	S	S (0.016)	0.994	S	S (0.064)	0.695	S	S (0.016)	0.998	S	S (0.125)	0.695	S	s (NA)	[]
2017-05-24 15:29:30	129	359	4	0.010	0.952	1	16	9	P213M	180	3	0.998	S	S (0.016)	0.994	S	S (0.064)	0.695	S	S (0.016)	0.998	S	S (0.125)	0.695	S	s (NA)	[]
2017-05-24 15:29:55	130	361	4	0.010	0.952	1	16	9	P213M	180	3	0.998	S	S (0.016)	0.994	S	S (0.064)	0.695	S	S (0.016)	0.998	S	S (0.125)	0.695	S	s (NA)	[]
2017-05-24 15:33:02	131	363	4	0.010	0.952	1	16	9	P213M	180	3	0.998	S	S (0.016)	0.994	S	S (0.064)	0.695	S	S (0.016)	0.998	S	S (0.125)	0.695	S	s (NA)	[]
2017-05-24 15:33:39	132	365	4	0.010	0.952	1	16	9	P213M	180	3	0.998	S	S (0.016)	0.994	S	S (0.064)	0.695	S	S (0.016)	0.998	S	S (0.125)	0.695	S	s (NA)	[]
2017-05-24 15:35:04	136	377	4	0.010	0.952	1	16	9	P213M	180	3	0.998	S	S (0.016)	0.994	S	S (0.064)	0.695	S	S (0.016)	0.998	S	S (0.125)	0.695	S	s (NA)	[]
2017-05-24 15:35:35	137	380	4	0.010	0.952	1	16	9	P213M	180	3	0.998	S	S (0.016)	0.994	S	S (0.064)	0.695	S	S (0.016)	0.998	S	S (0.125)	0.695	S	s (NA)	[]
2017-05-24 15:37:07	139	383	4	0.010	0.952	1	16	9	P213M	180	3	0.998	S	S (0.016)	0.994	S	S (0.064)	0.695	S	S (0.016)	0.998	S	S (0.125)	0.695	S	s (NA)	[]
2017-05-24 15:39:13	140	387	4	0.010	0.952	1	16	9	P213M	180	3	0.998	S	S (0.016)	0.994	S	S (0.064)	0.695	S	S (0.016)	0.998	S	S (0.125)	0.695	S	s (NA)	[]
2017-05-24 15:39:58	142	392	4	0.010	0.952	1	16	9	P213M	180	3	0.998	S	S (0.016)	0.994	S	S (0.064)	0.695	S	S (0.016)	0.998	S	S (0.125)	0.695	S	s (NA)	[]
2017-05-24 15:41:02	143	395	4	0.010	0.952	1	16	9	P213M	180	3	0.998	S	S (0.016)	0.994	S	S (0.064)	0.695	S	S (0.016)	0.998	S	S (0.125)	0.695	S	s (NA)	[]
2017-05-24 15:41:47	145	400	4	0.010	0.952	1	16	9	P213M	180	3	0.998	S	S (0.016)	0.994	S	S (0.064)	0.695	S	S (0.016)	0.998	S	S (0.125)	0.695	S	s (NA)	[]
2017-05-24 15:42:38	147	405	4	0.009	0.952	1	16	9	P213M	180	3	0.998	S	S (0.016)	0.994	S	S (0.064)	0.695	S	S (0.016)	0.998	S	S (0.125)	0.695	S	s (NA)	[]
2017-05-24 15:43:50	151	420	4	0.009	0.952	1	16	9	P213M	180	3	0.998	S	S (0.016)	0.994	S	S (0.064)	0.695	S	S (0.016)	0.998	S	S (0.125)	0.695	S	s (NA)	[]
2017-05-24 15:44:48	152	423	4	0.009	0.952	1	16	9	P213M	180	3	0.991	S	S (0.016)	0.991	S	S (0.064)	0.695	S	S (0.016)	0.998	S	S (0.125)	0.695	S	s (NA)	[]
2017-05-24 15:45:39	153	427	4	0.009	0.952	1	16	9	P213M	180	3	0.991	S	S (0.016)	0.991	S	S (0.064)	0.695	S	S (0.016)	0.998	S	S (0.125)	0.695	S	s (NA)	[]
2017-05-24 15:47:02	155	435	4	0.009	0.952	1	16	9	P213M	180	3	0.991	S	S (0.016)	0.991	S	S (0.064)	0.695	S	S (0.016)	0.998	S	S (0.125)	0.695	S	s (NA)	[]
2017-05-24 15:48:32	156	436	4	0.009	0.952	1	16	9	P213M	180	3	0.991	S	S (0.016)	0.991	S	S (0.064)	0.695	S	S (0.016)	0.998	S	S (0.125)	0.695	S	s (NA)	[]
2017-05-24 15:51:27	158	442	4	0.009	0.952	1	16	9	P213M	180	3	0.991	S	S (0.016)	0.991	S	S (0.064)	0.695	S	S (0.016)	0.998	S	S (0.125)	0.695	S	s (NA)	[]
2017-05-24 15:53:03	159	446	4	0.009	0.952	1	16	9	P213M	180	3	0.991	S	S (0.016)	0.991	S	S (0.064)	0.695	S	S (0.016)	0.998	S	S (0.125)	0.695	S	s (NA)	[]
2017-05-24 15:55:04	160	449	4	0.009	0.952	1	16	9	P213M	180	3	0.991	S	S (0.016)	0.991	S	S (0.064)	0.695	S	S (0.016)	0.998	S	S (0.125)	0.695	S	s (NA)	[]
2017-05-24 15:56:48	161	451	4	0.009	0.952	1	16	9	P213M	180	3	0.991	S	S (0.016)	0.991	S	S (0.064)	0.695	S	S (0.016)	0.998	S	S (0.125)	0.695	S	s (NA)	[]
2017-05-24 15:58:17	163	457	4	0.009	0.952	1	16	9	P213M	180	3	0.991	S	S (0.016)	0.991	S	S (0.064)	0.695	S	S (0.016)	0.998	S	S (0.125)	0.695	S	s (NA)	[]
2017-05-24 15:58:56	164	459	4	0.009	0.952	1	16	9	P213M	180	3	0.991	S	S (0.016)	0.991	S	S (0.064)	0.695	S	S (0.016)	0.998	S	S (0.125)	0.695	S	s (NA)	[]
2017-05-24 15:59:32	166	464	4	0.009	0.952	1	16	9	P213M	180	3	0.991	S	S (0.016)	0.991	S	S (0.064)	0.695	S	S (0.016)	0.998	S	S (0.125)	0.695	S	s (NA)	[]
2017-05-24 16:01:22	168	470	4	0.009	0.952	1	16	9	P213M	180	3	0.991	S	S (0.016)	0.991	S	S (0.064)	0.695	S	S (0.016)	0.998	S	S (0.125)	0.695	S	s (NA)	[]
2017-05-24 16:01:55	169	473	4	0.009	0.952	1	16	9	P213M	180	3	0.991	S	S (0.016)	0.991	S	S (0.064)	0.695	S	S (0.016)	0.998	S	S (0.125)	0.695	S	s (NA)	[]
2017-05-24 16:02:40	170	476	4	0.009	0.952	1	16	9	P213M	180	3	0.991	S	S (0.016)	0.991	S	S (0.064)	0.695	S	S (0.016)	0.998	S	S (0.125)	0.695	S	s (NA)	[]
2017-05-24 16:04:28	171	480	4	0.008	0.952	1	16	9	P213M	180	3	0.991	S	S (0.016)	0.991	S	S (0.064)	0.695	S	S (0.016)	0.998	S	S (0.125)	0.695	S	s (NA)	[]
2017-05-24 16:05:06	172	482	4	0.008	0.952	1	16	9	P213M	180	3	0.991	S	S (0.016)	0.991	S	S (0.064)	0.695	S	S (0.016)	0.998	S	S (0.125)	0.695	S	s (NA)	[]
2017-05-24 16:05:40	175	490	4	0.008	0.952	1	16	9	P213M	180	3	0.991	S	S (0.016)	0.991	S	S (0.064)	0.695	S	S (0.016)	0.998	S	S (0.125)	0.695	S	s (NA)	[]
2017-05-24 16:07:02	177	494	4	0.008	0.952	1	16	9	P213M	180	3	0.991	S	S (0.016)	0.991	S	S (0.064)	0.695	S	S (0.016)	0.998	S	S (0.125)	0.695	S	s (NA)	[]
2017-05-24 16:11:47	178	496	4	0.008	0.952	1	16	9	P213M	180	3	0.991	S	S (0.016)	0.991	S	S (0.064)	0.695	S	S (0.016)	0.998	S	S (0.125)	0.695	S	s (NA)	[]
2017-05-24 16:12:41	180	502	4	0.008	0.952	1	16	9	P213M	180	3	0.991	S	S (0.016)	0.991	S	S (0.064)	0.695	S	S (0.016)	0.998	S	S (0.125)	0.695	S	s (NA)	[]
2017-05-24 16:14:19	183	510	4	0.008	0.952	1	16	9	P213M	180	3	0.991	S	S (0.016)	0.991	S	S (0.064)	0.695	S	S (0.016)	0.998	S	S (0.125)	0.695	S	s (NA)	[]
2017-05-24 16:15:08	184	512	4	0.008	0.952	1	16	9	P213M	180	3	0.991	S	S (0.016)	0.991	S	S (0.064)	0.695	S	S (0.016)	0.998	S	S (0.125)	0.695	S	s (NA)	[]
2017-05-24 16:15:35	185	516	4	0.008	0.952	1	16	9	P213M	180	3	0.991	S	S (0.016)	0.991	S	S (0.064)	0.695	S	S (0.016)	0.998	S	S (0.125)	0.695	S	s (NA)	[]
2017-05-24 16:17:20	187	520	4	0.008	0.952	1	16	9	P213M	180	3	0.991	S	S (0.016)	0.991	S	S (0.064)	0.695	S	S (0.016)	0.998	S	S (0.125)	0.695	S	s (NA)	[]
2017-05-24 16:18:23	188	524	4	0.008	0.952	1	16	9	P213M	180	3	0.991	S	S (0.016)	0.991	S	S (0.064)	0.695	S	S (0.016)	0.998	S	S (0.125)	0.695	S	s (NA)	[]
2017-05-24 16:19:01	189	527	4	0.008	0.952	1	16	9	P213M	180	3	0.991	S	S (0.016)	0.991	S	S (0.064)	0.695	S	S (0.016)	0.998	S	S (0.125)	0.695	S	s (NA)	[]
2017-05-24 16:20:21	192	533	4	0.008	0.952	1	16	9	P213M	180	3	0.991	S	S (0.016)	0.991	S	S (0.064)	0.701	S	S (0.016)	0.998	S	S (0.125)	0.701	S	s (NA)	[]
2017-05-24 16:20:33	195	541	4	0.008	0.952	1	16	9	P213M	180	3	0.991	S	S (0.016)	0.991	S	S (0.064)	0.701	S	S (0.016)	0.998	S	S (0.125)	0.701	S	s (NA)	[]
2017-05-24 16:22:19	198	548	4	0.008	0.952	1	16	9	P213M	180	3	0.991	S	S (0.016)	0.991	S	S (0.064)	0.701	S	S (0.016)	0.998	S	S (0.125)	0.701	S	s (NA)	[]
2017-05-24 16:22:38	200	554	4	0.008	0.952	1	16	9	P213M	180	3	0.991	S	S (0.016)	0.991	S	S (0.064)	0.701	S	S (0.016)	0.998	S	S (0.125)	0.701	S	s (NA)	[]
2017-05-24 16:23:35	202	558	5	0.009	0.952	1	16	9	P213M	180	3	0.991	S	S (0.016)	0.991	S	S (0.064)	0.701	S	S (0.016)	0.998	S	S (0.125)	0.701	S	s (NA)	[]
2017-05-24 16:25:05	203	562	5	0.009	0.948	1	16	9	P213M	180	3	0.991	S	S (0.016)	0.991	S	S (0.064)	0.701	S	S (0.016)	0.998	S	S (0.125)	0.701	S	s (NA)	[]
2017-05-24 16:28:54	204	565	5	0.008	0.948	1	16	9	P213M	180	3	0.991	S	S (0.016)	0.991	S	S (0.064)	0.701	S	S (0.016)	0.998	S	S (0.125)	0.701	S	s (NA)	[]
2017-05-24 16:30:18	205	568	5	0.008	0.948	1	16	9	P213M	180	3	0.991	S	S (0.016)	0.991	S	S (0.064)	0.701	S	S (0.016)	0.998	S	S (0.125)	0.701	S	s (NA)	[]
2017-05-24 16:33:44	208	575	5	0.008	0.948	1	16	9	P213M	180	3	0.991	S	S (0.016)	0.991	S	S (0.064)	0.701	S	S (0.016)	0.998	S	S (0.125)	0.701	S	s (NA)	[]
2017-05-24 16:34:32	209	583	5	0.008	0.948	1	16	9	P213M	180	3	0.991	S	S (0.016)	0.991	S	S (0.064)	0.701	S	S (0.016)	0.998	S	S (0.125)	0.701	S	s (NA)	[]
2017-05-24 16:35:40	211	590	5	0.008	0.948	1	16	9	P213M	180	3	0.991	S	S (0.016)	0.991	S	S (0.064)	0.701	S	S (0.016)	0.998	S	S (0.125)	0.701	S	s (NA)	[]
2017-05-24 16:38:17	212	593	5	0.008	0.948	1	16	9	P213M	180	3	0.991	S	S (0.016)	0.991	S	S (0.064)	0.701	S	S (0.016)	0.998	S	S (0.125)	0.701	S	s (NA)	[]
2017-05-24 16:40:15	213	596	5	0.008	0.948	1	16	9	P213M	180	3	0.991	S	S (0.016)	0.991	S	S (0.064)	0.701	S	S (0.016)	0.998	S	S (0.125)	0.701	S	s (NA)	[]
2017-05-24 16:41:32	214	596	5	0.008	0.948	1	16	9	P213M	180	3	0.991	S	S (0.016)	0.991	S	S (0.064)	0.701	S	S (0.016)	0.998	S	S (0.125)	0.701	S	s (NA)	[]
2017-05-24 16:43:28	217	603	5	0.008	0.948	1	16	9	P213M	180	3	0.991	S	S (0.016)	0.991	S	S (0.064)	0.701	S	S (0.016)	0.998	S	S (0.125)	0.701	S	s (NA)	[]
2017-05-24 16:44:06	219	611	5	0.008	0.948	1	16	9	P213M	180	3	0.991	S	S (0.016)	0.991	S	S (0.064)	0.701	S	S (0.016)	0.998	S	S (0.125)	0.701	S	s (NA)	[]
2017-05-24 16:44:47	220	613	5	0.008	0.948	1	16	9	P213M	180	3	0.991	S	S (0.016)	0.991	S	S (0.064)	0.701	S	S (0.016)	0.998	S	S (0.125)	0.701	S	s (NA)	[]
2017-05-24 16:46:05	222	620	5	0.008	0.948	1	16	9	P213M	180	3	0.991	S	S (0.016)	0.991	S	S (0.064)	0.701	S	S (0.016)	0.998	S	S (0.125)	0.701	S	s (NA)	[]
2017-05-24 16:47:50	224	627	5	0.008	0.948	1	16	9	P213M	180	3	0.991	S	S (0.016)	0.991	S	S (0.064)	0.701	S	S (0.016)	0.998	S	S (0.125)	0.701	S	s (NA)	[]
2017-05-24 16:53:07	225	628	5	0.008	0.948	1	16	9	P213M	180	3	0.991	S	S (0.016)	0.991	S	S (0.064)	0.701	S	S (0.016)	0.998	S	S (0.125)	0.701	S	s (NA)	[]
2017-05-24 16:55:26	226	630	5	0.008	0.948	1	16	9	P213M	180	3	0.991	S	S (0.016)	0.991	S	S (0.064)	0.701	S	S (0.016)	0.998	S	S (0.125)	0.701	S	s (NA)	[]
2017-05-24 16:57:19	227	633	5	0.008	0.948	1	16	9	P213M	180	3	0.991	S	S (0.016)	0.991	S	S (0.064)	0.701	S	S (0.016)	0.998	S	S (0.125)	0.701	S	s (NA)	[]
2017-05-24 16:58:25	228	636	5	0.008	0.948	1	16	9	P213M	180	3	0.991	S	S (0.016)	0.991	S	S (0.064)	0.701	S	S (0.016)	0.998	S	S (0.125)	0.701	S	s (NA)	[]
2017-05-24 16:59:12	229	638	5	0.008	0.948	1	16	9	P213M	180	3	0.991	S	S (0.016)	0.991	S	S (0.064)	0.701	S	S (0.016)	0.998	S	S (0.125)	0.701	S	s (NA)	[]
2017-05-24 17:00:50	231	643	5	0.008	0.948	1	16	9	P213M	180	3	0.991	S	S (0.016)	0.991	S	S (0.064)	0.701	S	S (0.016)	0.998	S	S (0.125)	0.701	S	s (NA)	[]
2017-05-24 17:01:57	233	650	5	0.008	0.948	1	16	9	P213M	180	3	0.991	S	S (0.016)	0.991	S	S (0.064)	0.701	S	S (0.016)	0.998	S	S (0.125)	0.701	S	s (NA)	[]
2017-05-24 17:03:04	235	656	5	0.008	0.948	1	16	9	P213M	180	3	0.991	S	S (0.016)	0.991	S	S (0.064)	0.701	S	S (0.016)	0.998	S	S (0.125)	0.701	S	s (NA)	[]
2017-05-24 17:05:35	237	662	5	0.008	0.948	1	16	9	P213M	180	3	0.991	S	S (0.016)	0.991	S	S (0.064)	0.701	S	S (0.016)	0.998	S	S (0.125)	0.701	S	s (NA)	[]
2017-05-24 17:07:12	239	669	5	0.008	0.948	1	16	9	P213M	180	3	0.991	S	S (0.016)	0.991	S	S (0.064)	0.701	S	S (0.016)	0.998	S	S (0.125)	0.701	S	s (NA)	[]
2017-05-24 17:11:37	241	676	5	0.008	0.948	1	16	9	P213M	180	3	0.991	S	S (0.016)	0.991	S	S (0.064)	0.701	S	S (0.016)	0.998	S	S (0.125)	0.701	S	s (NA)	[]
2017-05-24 17:13:54	245	688	5	0.008	0.948	1	16	9	P213M	180	3	0.991	S	S (0.016)	0.991	S	S (0.064)	0.701	S	S (0.016)	0.998	S	S (0.125)	0.701	S	s (NA)	[]
2017-05-24 17:14:32	246	691	6	0.008	0.950	1	16	9	P213M	180	3	0.991	S	S (0.016)	0.991	S	S (0.064)	0.708	S	S (0.016)	0.998	S	S (0.125)	0.708	S	s (NA)	[]
2017-05-24 17:15:51	247	693	6	0.008	0.950	1	16	9	P213M	180	3	0.991	S	S (0.016)	0.991	S	S (0.064)	0.708	S	S (0.016)	0.998	S	S (0.125)	0.708	S	s (NA)	[]
2017-05-24 17:18:49	248	697	6	0.008	0.950	1	16	9	P213M	180	3	0.991	S	S (0.016)	0.991	S	S (0.064)	0.708	S	S (0.016)	0.998	S	S (0.125)	0.708	S	s (NA)	[]
2017-05-24 17:20:27	250	705	6	0.008	0.950	1	16	9	P213M	180	3	0.991	S	S (0.016)	0.991	S	S (0.064)	0.708	S	S (0.016)	0.998	S	S (0.125)	0.708	S	s (NA)	[]
2017-05-24 17:21:25	251	708	6	0.008	0.950	1	16	9	P213M	180	3	0.991	S	S (0.016)	0.991	S	S (0.064)	0.708	S	S (0.016)	0.998	S	S (0.125)	0.708	S	s (NA)	[]
2017-05-24 17:23:46	252	713	6	0.008	0.950	1	16	9	P213M	180	3	0.991	S	S (0.016)	0.991	S	S (0.064)	0.708	S	S (0.016)	0.998	S	S (0.125)	0.708	S	s (NA)	[]
2017-05-24 17:25:30	253	715	6	0.008	0.948	1	16	9	P213M	180	3	0.991	S	S (0.016)	0.991	S	S (0.064)	0.708	S	S (0.016)	0.998	S	S (0.125)	0.708	S	s (NA)	[]
2017-05-24 17:30:58	254	718	6	0.008	0.948	1	16	9	P213M	180	3	0.991	S	S (0.016)	0.991	S	S (0.064)	0.708	S	S (0.016)	0.998	S	S (0.125)	0.708	S	s (NA)	[]
2017-05-24 17:33:06	255	721	6	0.008	0.948	1	16	9	P213M	180	3	0.991	S	S (0.016)	0.991	S	S (0.064)	0.708	S	S (0.016)	0.998	S	S (0.125)	0.708	S	s (NA)	[]
2017-05-24 17:36:46	257	727	6	0.008	0.948	1	16	9	P213M	180	3	0.991	S	S (0.016)	0.991	S	S (0.064)	0.708	S	S (0.016)	0.998	S	S (0.125)	0.708	S	s (NA)	[]
2017-05-24 17:37:32	258	730	6	0.008	0.948	1	16	9	P213M	180	3	0.991	S	S (0.016)	0.991	S	S (0.064)	0.708	S	S (0.016)	0.998	S	S (0.125)	0.708	S	s (NA)	[]
2017-05-24 17:39:26	259	734	6	0.008	0.948	1	16	9	P213M	180	3	0.991	S	S (0.016)	0.991	S	S (0.064)	0.708	S	S (0.016)	0.998	S	S (0.125)	0.708	S	s (NA)	[]
2017-05-24 17:40:03	260	737	6	0.008	0.948	1	16	9	P213M	180	3	0.991	S	S (0.016)	0.991	S	S (0.064)	0.708	S	S (0.016)	0.998	S	S (0.125)	0.708	S	s (NA)	[]
2017-05-24 17:41:34	261	738	6	0.008	0.948	1	16	9	P213M	180	3	0.991	S	S (0.016)	0.991	S	S (0.064)	0.708	S	S (0.016)	0.998	S	S (0.125)	0.708	S	s (NA)	[]
2017-05-24 17:43:02	262	741	6	0.008	0.948	1	16	9	P213M	180	3	0.991	S	S (0.016)	0.991	S	S (0.064)	0.708	S	S (0.016)	0.998	S	S (0.125)	0.708	S	s (NA)	[]
2017-05-24 17:48:57	263	745	6	0.008	0.948	1	16	9	P213M	180	3	0.991	S	S (0.016)	0.991	S	S (0.064)	0.708	S	S (0.016)	0.998	S	S (0.125)	0.708	S	s (NA)	[]
2017-05-24 17:49:36	266	754	6	0.008	0.948	1	16	9	P213M	180	3	0.991	S	S (0.016)	0.991	S	S (0.064)	0.708	S	S (0.016)	0.998	S	S (0.125)	0.708	S	s (NA)	[]
2017-05-24 17:50:34	267	757	6	0.008	0.948	1	16	9	P213M	180	3	0.991	S	S (0.016)	0.991	S	S (0.064)	0.708	S	S (0.016)	0.998	S	S (0.125)	0.708	S	s (NA)	[]
2017-05-24 17:51:33	268	759	6	0.008	0.948	1	16	9	P213M	180	3	0.991	S	S (0.016)	0.991	S	S (0.064)	0.708	S	S (0.016)	0.998	S	S (0.125)	0.708	S	s (NA)	[]
2017-05-24 17:53:00	269	762	6	0.008	0.948	1	16	9	P213M	180	3	0.991	S	S (0.016)	0.991	S	S (0.064)	0.708	S	S (0.016)	0.998	S	S (0.125)	0.708	S	s (NA)	[]
2017-05-24 17:56:29	270	765	6	0.008	0.948	1	16	9	P213M	180	3	0.991	S	S (0.016)	0.991	S	S (0.064)	0.708	S	S (0.016)	0.998	S	S (0.125)	0.708	S	s (NA)	[]
2017-05-24 17:57:52	271	768	6	0.008	0.948	1	16	9	P213M	180	3	0.991	S	S (0.016)	0.991	S	S (0.064)	0.708	S	S (0.016)	0.998	S	S (0.125)	0.708	S	s (NA)	[]
2017-05-24 17:59:02	273	777	6	0.008	0.948	1	16	9	P213M	180	3	0.991	S	S (0.016)	0.991	S	S (0.064)	0.708	S	S (0.016)	0.998	S	S (0.125)	0.708	S	s (NA)	[]
2017-05-24 18:02:10	276	786	6	0.008	0.948	1	16	9	P213M	180	3	0.991	S	S (0.016)	0.991	S	S (0.064)	0.708	S	S (0.016)	0.998	S	S (0.125)	0.708	S	s (NA)	[]
2017-05-24 18:03:00	277	789	7	0.009	0.948	1	16	9	P213M	180	3	0.991	S	S (0.016)	0.991	S	S (0.064)	0.708	S	S (0.016)	0.998	S	S (0.125)	0.708	S	s (NA)	[]
2017-05-24 18:03:51	278	793	7	0.009	0.948	1	16	9	P213M	180	3	0.991	S	S (0.016)	0.991	S	S (0.064)	0.708	S	S (0.016)	0.998	S	S (0.125)	0.708	S	s (NA)	[]
2017-05-24 18:06:51	279	796	7	0.009	0.948	1	16	9	P213M	180	3	0.991	S	S (0.016)	0.991	S	S (0.064)	0.708	S	S (0.016)	0.998	S	S (0.125)	0.708	S	s (NA)	[]
2017-05-24 18:07:51	280	800	7	0.009	0.948	1	16	9	P213M	180	3	0.991	S	S (0.016)	0.991	S	S (0.064)	0.708	S	S (0.016)	0.998	S	S (0.125)	0.708	S	s (NA)	[]
2017-05-24 18:08:48	282	806	7	0.009	0.948	1	16	9	P213M	180	3	0.991	S	S (0.016)	0.991	S	S (0.064)	0.708	S	S (0.016)	0.998	S	S (0.125)	0.708	S	s (NA)	[]
2017-05-24 18:10:52	283	806	7	0.009	0.948	1	16	9	P213M	180	3	0.991	S	S (0.016)	0.991	S	S (0.064)	0.708	S	S (0.016)	0.998	S	S (0.125)	0.708	S	s (NA)	[]
2017-05-24 18:12:41	284	809	7	0.009	0.948	1	16	9	P213M	180	3	0.991	S	S (0.016)	0.991	S	S (0.064)	0.708	S	S (0.016)	0.998	S	S (0.125)	0.708	S	s (NA)	[]
2017-05-24 18:13:40	285	811	7	0.009	0.948	1	16	9	P213M	180	3	0.991	S	S (0.016)	0.991	S	S (0.064)	0.708	S	S (0.016)	0.998	S	S (0.125)	0.708	S	s (NA)	[]
2017-05-24 18:16:23	289	821	7	0.008	0.948	1	16	9	P213M	180	3	0.991	S	S (0.016)	0.991	S	S (0.064)	0.708	S	S (0.016)	0.998	S	S (0.125)	0.708	S	s (NA)	[]
2017-05-24 18:18:34	290	825	7	0.008	0.948	1	16	9	P213M	180	3	0.991	S	S (0.016)	0.991	S	S (0.064)	0.708	S	S (0.016)	0.998	S	S (0.125)	0.708	S	s (NA)	[]
2017-05-24 18:22:21	291	826	7	0.008	0.948	1	16	9	P213M	180	3	0.991	S	S (0.016)	0.991	S	S (0.064)	0.708	S	S (0.016)	0.998	S	S (0.125)	0.708	S	s (NA)	[]
2017-05-24 18:22:40	292	829	7	0.008	0.948	1	16	9	P213M	180	3	0.991	S	S (0.016)	0.991	S	S (0.064)	0.708	S	S (0.016)	0.998	S	S (0.125)	0.708	S	s (NA)	[]
2017-05-24 18:26:42	293	832	7	0.008	0.948	1	16	9	P213M	180	3	0.991	S	S (0.016)	0.991	S	S (0.064)	0.708	S	S (0.016)	0.998	S	S (0.125)	0.708	S	s (NA)	[]
2017-05-24 18:27:58	294	836	7	0.008	0.948	1	16	9	P213M	180	3	0.991	S	S (0.016)	0.991	S	S (0.064)	0.708	S	S (0.016)	0.998	S	S (0.125)	0.708	S	s (NA)	[]
2017-05-24 18:29:52	295	840	7	0.008	0.948	1	16	9	P213M	180	3	0.991	S	S (0.016)	0.991	S	S (0.064)	0.708	S	S (0.016)	0.998	S	S (0.125)	0.708	S	s (NA)	[]
2017-05-24 18:30:51	298	847	7	0.008	0.948	1	16	9	P213M	180	3	0.991	S	S (0.016)	0.991	S	S (0.064)	0.708	S	S (0.016)	0.998	S	S (0.125)	0.708	S	s (NA)	[]
2017-05-24 18:32:48	299	849	7	0.008	0.948	1	16	9	P213M	180	3	0.991	S	S (0.016)	0.991	S	S (0.064)	0.708	S	S (0.016)	0.998	S	S (0.125)	0.708	S	s (NA)	[]
2017-05-24 18:33:57	300	852	7	0.008	0.930	1	16	9	P213M	180	3	0.991	S	S (0.016)	0.991	S	S (0.064)	0.708	S	S (0.016)	0.998	S	S (0.125)	0.708	S	s (NA)	[]
2017-05-24 18:35:44	303	863	7	0.008	0.930	1	16	9	P213M	180	3	0.991	S	S (0.016)	0.991	S	S (0.064)	0.708	S	S (0.016)	0.998	S	S (0.125)	0.708	S	s (NA)	[]
2017-05-24 18:37:27	305	869	7	0.008	0.930	1	16	9	P213M	180	3	0.991	S	S (0.016)	0.991	S	S (0.064)	0.708	S	S (0.016)	0.998	S	S (0.125)	0.708	S	s (NA)	[]
2017-05-24 18:39:51	307	874	7	0.008	0.930	1	16	9	P213M	180	3	0.991	S	S (0.016)	0.991	S	S (0.064)	0.708	S	S (0.016)	0.998	S	S (0.125)	0.708	S	s (NA)	[]
2017-05-24 18:41:07	308	877	7	0.008	0.930	1	16	9	P213M	180	3	0.991	S	S (0.016)	0.991	S	S (0.064)	0.708	S	S (0.016)	0.998	S	S (0.125)	0.708	S	s (NA)	[]
2017-05-24 18:43:00	309	879	7	0.008	0.930	1	16	9	P213M	180	3	0.991	S	S (0.016)	0.991	S	S (0.064)	0.708	S	S (0.016)	0.998	S	S (0.125)	0.708	S	s (NA)	[]
2017-05-24 18:43:49	311	885	7	0.008	0.930	1	16	9	P213M	180	3	0.991	S	S (0.016)	0.991	S	S (0.064)	0.708	S	S (0.016)	0.998	S	S (0.125)	0.708	S	s (NA)	[]
2017-05-24 18:44:53	312	888	7	0.008	0.930	1	16	9	P213M	180	3	0.991	S	S (0.016)	0.991	S	S (0.064)	0.708	S	S (0.016)	0.998	S	S (0.125)	0.708	S	s (NA)	[]
2017-05-24 18:45:50	313	892	7	0.008	0.930	1	16	9	P213M	180	3	0.991	S	S (0.016)	0.991	S	S (0.064)	0.708	S	S (0.016)	0.998	S	S (0.125)	0.708	S	s (NA)	[]
2017-05-24 18:46:36	315	898	7	0.008	0.930	1	16	9	P213M	180	3	0.991	S	S (0.016)	0.991	S	S (0.064)	0.708	S	S (0.016)	0.998	S	S (0.125)	0.708	S	s (NA)	[]
2017-05-24 18:48:15	316	900	7	0.008	0.930	1	16	9	P213M	180	3	0.991	S	S (0.016)	0.991	S	S (0.064)	0.708	S	S (0.016)	0.998	S	S (0.125)	0.708	S	s (NA)	[]
2017-05-24 18:50:28	317	903	7	0.008	0.930	1	16	9	P213M	180	3	0.991	S	S (0.016)	0.991	S	S (0.064)	0.708	S	S (0.016)	0.998	S	S (0.125)	0.708	S	s (NA)	[]
2017-05-24 18:52:00	318	905	7	0.008	0.930	1	16	9	P213M	180	3	0.991	S	S (0.016)	0.991	S	S (0.064)	0.708	S	S (0.016)	0.998	S	S (0.125)	0.708	S	s (NA)	[]
2017-05-24 18:53:14	319	908	7	0.008	0.930	1	16	9	P213M	180	3	0.991	S	S (0.016)	0.991	S	S (0.064)	0.708	S	S (0.016)	0.998	S	S (0.125)	0.708	S	s (NA)	[]
2017-05-24 18:57:16	320	910	7	0.008	0.930	1	16	9	P213M	180	3	0.991	S	S (0.016)	0.991	S	S (0.064)	0.708	S	S (0.016)	0.998	S	S (0.125)	0.708	S	s (NA)	[]
2017-05-24 18:58:10	321	913	7	0.008	0.930	1	16	9	P213M	180	3	0.991	S	S (0.016)	0.991	S	S (0.064)	0.708	S	S (0.016)	0.998	S	S (0.125)	0.708	S	s (NA)	[]
2017-05-24 18:59:29	322	915	7	0.008	0.930	1	16	9	P213M	180	3	0.991	S	S (0.016)	0.991	S	S (0.064)	0.708	S	S (0.016)	0.998	S	S (0.125)	0.708	S	s (NA)	[]
2017-05-24 19:01:06	323	918	7	0.008	0.930	1	16	9	P213M	180	3	0.991	S	S (0.016)	0.991	S	S (0.064)	0.708	S	S (0.016)	0.998	S	S (0.125)	0.708	S	s (NA)	[]
2017-05-24 19:01:37	324	919	7	0.008	0.930	1	16	9	P213M	180	3	0.991	S	S (0.016)	0.991	S	S (0.064)	0.708	S	S (0.016)	0.998	S	S (0.125)	0.708	S	s (NA)	[]
2017-05-24 19:02:43	327	928	7	0.008	0.930	1	16	9	P213M	180	3	0.990	S	S (0.016)	0.990	S	S (0.064)	0.708	S	S (0.016)	0.998	S	S (0.125)	0.708	S	s (NA)	[]
2017-05-24 19:08:03	328	929	7	0.008	0.930	1	16	9	P213M	180	3	0.990	S	S (0.016)	0.990	S	S (0.064)	0.708	S	S (0.016)	0.998	S	S (0.125)	0.708	S	s (NA)	[]
2017-05-24 19:09:08	330	935	7	0.008	0.930	1	16	9	P213M	180	3	0.990	S	S (0.016)	0.990	S	S (0.064)	0.708	S	S (0.016)	0.998	S	S (0.125)	0.708	S	s (NA)	[]
2017-05-24 19:10:27	331	937	7	0.008	0.930	1	16	9	P213M	180	3	0.990	S	S (0.016)	0.990	S	S (0.064)	0.708	S	S (0.016)	0.998	S	S (0.125)	0.708	S	s (NA)	[]
2017-05-24 19:11:18	332	940	7	0.008	0.930	1	16	9	P213M	180	3	0.990	S	S (0.016)	0.990	S	S (0.064)	0.708	S	S (0.016)	0.998	S	S (0.125)	0.708	S	s (NA)	[]
2017-05-24 19:12:44	333	942	7	0.008	0.930	1	16	9	P213M	180	3	0.990	S	S (0.016)	0.990	S	S (0.064)	0.708	S	S (0.016)	0.998	S	S (0.125)	0.708	S	s (NA)	[]
2017-05-24 19:14:37	334	944	7	0.008	0.930	1	16	9	P213M	180	3	0.990	S	S (0.016)	0.990	S	S (0.064)	0.708	S	S (0.016)	0.998	S	S (0.125)	0.708	S	s (NA)	[]
2017-05-24 19:17:18	336	951	7	0.008	0.930	1	16	9	P213M	180	3	0.990	S	S (0.016)	0.990	S	S (0.064)	0.708	S	S (0.016)	0.998	S	S (0.125)	0.708	S	s (NA)	[]
2017-05-24 19:19:34	338	957	7	0.007	0.930	1	16	9	P213M	180	3	0.990	S	S (0.016)	0.990	S	S (0.064)	0.708	S	S (0.016)	0.998	S	S (0.125)	0.708	S	s (NA)	[]
2017-05-24 19:20:56	340	963	7	0.007	0.930	1	16	9	P213M	180	3	0.990	S	S (0.016)	0.990	S	S (0.064)	0.708	S	S (0.016)	0.998	S	S (0.125)	0.708	S	s (NA)	[]
2017-05-24 19:24:36	341	966	7	0.007	0.930	1	16	9	P213M	180	3	0.990	S	S (0.016)	0.990	S	S (0.064)	0.708	S	S (0.016)	0.998	S	S (0.125)	0.708	S	s (NA)	[]
2017-05-24 19:27:21	342	970	7	0.007	0.928	1	16	9	P213M	180	3	0.990	S	S (0.016)	0.990	S	S (0.064)	0.708	S	S (0.016)	0.998	S	S (0.125)	0.708	S	s (NA)	[]
2017-05-24 19:27:33	343	974	7	0.007	0.928	1	16	9	P213M	180	3	0.990	S	S (0.016)	0.990	S	S (0.064)	0.708	S	S (0.016)	0.998	S	S (0.125)	0.708	S	s (NA)	[]
2017-05-24 19:31:13	344	976	7	0.007	0.928	1	16	9	P213M	180	3	0.990	S	S (0.016)	0.990	S	S (0.064)	0.708	S	S (0.016)	0.998	S	S (0.125)	0.708	S	s (NA)	[]
2017-05-24 19:32:13	345	978	7	0.007	0.928	1	16	9	P213M	180	3	0.990	S	S (0.016)	0.990	S	S (0.064)	0.708	S	S (0.016)	0.998	S	S (0.125)	0.708	S	s (NA)	[]
2017-05-24 19:35:53	346	981	7	0.007	0.928	1	16	9	P213M	180	3	0.990	S	S (0.016)	0.990	S	S (0.064)	0.708	S	S (0.016)	0.998	S	S (0.125)	0.708	S	s (NA)	[]
2017-05-24 19:40:26	347	982	7	0.007	0.928	1	16	9	P213M	180	3	0.990	S	S (0.016)	0.990	S	S (0.064)	0.708	S	S (0.016)	0.998	S	S (0.125)	0.708	S	s (NA)	[]
2017-05-24 19:41:19	348	984	7	0.007	0.928	1	16	9	P213M	180	3	0.990	S	S (0.016)	0.990	S	S (0.064)	0.708	S	S (0.016)	0.998	S	S (0.125)	0.708	S	s (NA)	[]
2017-05-24 19:41:48	349	985	7	0.007	0.920	1	16	9	P213M	180	3	0.990	S	S (0.016)	0.990	S	S (0.064)	0.708	S	S (0.016)	0.998	S	S (0.125)	0.708	S	s (NA)	[]
2017-05-24 19:43:13	350	988	7	0.007	0.920	1	16	9	P213M	180	3	0.990	S	S (0.016)	0.990	S	S (0.064)	0.708	S	S (0.016)	0.998	S	S (0.125)	0.708	S	s (NA)	[]
2017-05-24 19:46:05	351	992	7	0.007	0.920	1	16	9	P213M	180	3	0.990	S	S (0.016)	0.990	S	S (0.064)	0.708	S	S (0.016)	0.998	S	S (0.125)	0.708	S	s (NA)	[]
2017-05-24 19:48:51	352	994	7	0.007	0.920	1	16	9	P213M	180	3	0.990	S	S (0.016)	0.990	S	S (0.064)	0.708	S	S (0.016)	0.998	S	S (0.125)	0.708	S	s (NA)	[]
2017-05-24 19:51:55	354	998	7	0.007	0.920	1	16	9	P213M	180	3	0.990	S	S (0.016)	0.990	S	S (0.064)	0.708	S	S (0.016)	0.998	S	S (0.125)	0.708	S	s (NA)	[]
2017-05-24 19:53:02	355	1000	7	0.007	0.920	1	16	9	P213M	180	3	0.990	S	S (0.016)	0.990	S	S (0.064)	0.708	S	S (0.016)	0.998	S	S (0.125)	0.708	S	s (NA)	[]
2017-05-24 19:53:51	356	1003	7	0.007	0.920	1	16	9	P213M	180	3	0.990	S	S (0.016)	0.990	S	S (0.064)	0.708	S	S (0.016)	0.998	S	S (0.125)	0.708	S	s (NA)	[]
2017-05-24 19:55:19	357	1006	7	0.007	0.920	1	16	9	P213M	180	3	0.990	S	S (0.016)	0.990	S	S (0.064)	0.708	S	S (0.016)	0.998	S	S (0.125)	0.708	S	s (NA)	[]
2017-05-24 19:59:02	358	1008	7	0.007	0.920	1	16	9	P213M	180	3	0.990	S	S (0.016)	0.990	S	S (0.064)	0.708	S	S (0.016)	0.998	S	S (0.125)	0.708	S	s (NA)	[]
2017-05-24 20:04:37	359	1011	7	0.007	0.920	1	16	9	P213M	180	3	0.990	S	S (0.016)	0.990	S	S (0.064)	0.708	S	S (0.016)	0.998	S	S (0.125)	0.708	S	s (NA)	[]
2017-05-24 20:09:58	360	1014	7	0.007	0.920	1	16	9	P213M	180	3	0.990	S	S (0.016)	0.990	S	S (0.064)	0.708	S	S (0.016)	0.998	S	S (0.125)	0.708	S	s (NA)	[]
2017-05-24 20:12:25	362	1019	7	0.007	0.920	1	16	9	P213M	180	3	0.990	S	S (0.016)	0.990	S	S (0.064)	0.708	S	S (0.016)	0.998	S	S (0.125)	0.708	S	s (NA)	[]
2017-05-24 20:13:36	363	1021	7	0.007	0.920	1	16	9	P213M	180	3	0.990	S	S (0.016)	0.990	S	S (0.064)	0.708	S	S (0.016)	0.998	S	S (0.125)	0.708	S	s (NA)	[]
2017-05-24 20:14:33	364	1024	7	0.007	0.920	1	16	9	P213M	180	3	0.990	S	S (0.016)	0.990	S	S (0.064)	0.708	S	S (0.016)	0.998	S	S (0.125)	0.708	S	s (NA)	[]
2017-05-24 20:15:36	366	1029	7	0.007	0.920	1	16	9	P213M	180	3	0.990	S	S (0.016)	0.990	S	S (0.064)	0.708	S	S (0.016)	0.998	S	S (0.125)	0.708	S	s (NA)	[]
2017-05-24 20:16:50	367	1031	7	0.007	0.920	1	16	9	P213M	180	3	0.990	S	S (0.016)	0.990	S	S (0.064)	0.708	S	S (0.016)	0.998	S	S (0.125)	0.708	S	s (NA)	[]
2017-05-24 20:23:39	369	1036	7	0.007	0.920	1	16	9	P213M	180	3	0.990	S	S (0.016)	0.990	S	S (0.064)	0.708	S	S (0.016)	0.998	S	S (0.125)	0.708	S	s (NA)	[]
2017-05-24 20:25:14	370	1040	7	0.007	0.920	1	16	9	P213M	180	3	0.990	S	S (0.016)	0.990	S	S (0.064)	0.708	S	S (0.016)	0.998	S	S (0.125)	0.708	S	s (NA)	[]
2017-05-24 20:25:39	371	1042	7	0.007	0.920	1	16	9	P213M	180	3	0.990	S	S (0.016)	0.990	S	S (0.064)	0.708	S	S (0.016)	0.998	S	S (0.125)	0.708	S	s (NA)	[]
2017-05-24 20:27:34	372	1047	7	0.007	0.920	1	16	9	P213M	180	3	0.990	S	S (0.016)	0.990	S	S (0.064)	0.708	S	S (0.016)	0.998	S	S (0.125)	0.708	S	s (NA)	[]
2017-05-24 20:28:56	373	1050	7	0.007	0.920	1	16	9	P213M	180	3	0.990	S	S (0.016)	0.990	S	S (0.064)	0.708	S	S (0.016)	0.998	S	S (0.125)	0.708	S	s (NA)	[]
2017-05-24 20:31:06	374	1052	7	0.007	0.920	1	16	9	P213M	180	3	0.990	S	S (0.016)	0.990	S	S (0.064)	0.708	S	S (0.016)	0.998	S	S (0.125)	0.708	S	s (NA)	[]
2017-05-24 20:33:18	375	1054	7	0.007	0.920	1	16	9	P213M	180	3	0.990	S	S (0.016)	0.990	S	S (0.064)	0.708	S	S (0.016)	0.998	S	S (0.125)	0.708	S	s (NA)	[]
2017-05-24 20:33:40	376	1056	7	0.007	0.920	1	16	9	P213M	180	3	0.990	S	S (0.016)	0.990	S	S (0.064)	0.708	S	S (0.016)	0.998	S	S (0.125)	0.708	S	s (NA)	[]
2017-05-24 20:35:18	378	1061	7	0.007	0.920	1	16	9	P213M	180	3	0.990	S	S (0.016)	0.990	S	S (0.064)	0.708	S	S (0.016)	0.998	S	S (0.125)	0.708	S	s (NA)	[]
2017-05-24 20:35:44	379	1064	7	0.007	0.920	1	16	9	P213M	180	3	0.990	S	S (0.016)	0.990	S	S (0.064)	0.708	S	S (0.016)	0.998	S	S (0.125)	0.708	S	s (NA)	[]
2017-05-24 20:36:43	380	1068	8	0.008	0.920	1	16	9	P213M	180	3	0.990	S	S (0.016)	0.990	S	S (0.064)	0.708	S	S (0.016)	0.998	S	S (0.125)	0.708	S	s (NA)	[]
2017-05-24 20:39:14	381	1070	8	0.008	0.920	1	16	9	P213M	180	3	0.990	S	S (0.016)	0.990	S	S (0.064)	0.708	S	S (0.016)	0.998	S	S (0.125)	0.708	S	s (NA)	[]
2017-05-24 20:42:06	382	1073	8	0.008	0.920	1	16	9	P213M	180	3	0.990	S	S (0.016)	0.990	S	S (0.064)	0.708	S	S (0.016)	0.998	S	S (0.125)	0.708	S	s (NA)	[]
2017-05-24 20:43:54	383	1076	8	0.008	0.920	1	16	9	P213M	180	3	0.990	S	S (0.016)	0.990	S	S (0.064)	0.708	S	S (0.016)	0.998	S	S (0.125)	0.708	S	s (NA)	[]
2017-05-24 20:46:34	385	1080	8	0.008	0.920	1	16	9	P213M	180	3	0.990	S	S (0.016)	0.990	S	S (0.064)	0.708	S	S (0.016)	0.998	S	S (0.125)	0.708	S	s (NA)	[]
2017-05-24 20:48:54	387	1086	8	0.008	0.920	1	16	9	P213M	180	3	0.990	S	S (0.016)	0.990	S	S (0.064)	0.708	S	S (0.016)	0.998	S	S (0.125)	0.708	S	s (NA)	[]
2017-05-24 20:50:38	388	1090	8	0.008	0.920	1	16	9	P213M	180	3	0.990	S	S (0.016)	0.990	S	S (0.064)	0.708	S	S (0.016)	0.998	S	S (0.125)	0.708	S	s (NA)	[]
2017-05-24 20:52:07	392	1102	8	0.008	0.920	1	16	9	P213M	180	3	0.990	S	S (0.016)	0.990	S	S (0.064)	0.708	S	S (0.016)	0.998	S	S (0.125)	0.708	S	s (NA)	[]
2017-05-24 20:54:45	393	1103	8	0.008	0.920	1	16	9	P213M	180	3	0.990	S	S (0.016)	0.990	S	S (0.064)	0.708	S	S (0.016)	0.998	S	S (0.125)	0.708	S	s (NA)	[]
2017-05-24 20:56:28	396	1110	8	0.008	0.920	1	16	9	P213M	180	3	0.990	S	S (0.016)	0.990	S	S (0.064)	0.708	S	S (0.016)	0.998	S	S (0.125)	0.708	S	s (NA)	[]
2017-05-24 20:57:22	397	1113	8	0.008	0.920	1	16	9	P213M	180	3	0.990	S	S (0.016)	0.990	S	S (0.064)	0.708	S	S (0.016)	0.998	S	S (0.125)	0.708	S	s (NA)	[]
2017-05-24 21:00:54	398	1115	8	0.008	0.920	1	16	9	P213M	180	3	0.990	S	S (0.016)	0.990	S	S (0.064)	0.708	S	S (0.016)	0.998	S	S (0.125)	0.708	S	s (NA)	[]
2017-05-24 21:03:54	399	1118	8	0.008	0.920	1	16	9	P213M	180	3	0.990	S	S (0.016)	0.990	S	S (0.064)	0.708	S	S (0.016)	0.998	S	S (0.125)	0.708	S	s (NA)	[]
2017-05-24 21:05:34	403	1129	8	0.008	0.920	1	16	9	P213M	180	3	0.990	S	S (0.016)	0.990	S	S (0.064)	0.708	S	S (0.016)	0.998	S	S (0.125)	0.708	S	s (NA)	[]
2017-05-24 21:06:53	405	1136	8	0.007	0.920	1	16	9	P213M	180	3	0.990	S	S (0.016)	0.990	S	S (0.064)	0.708	S	S (0.016)	0.998	S	S (0.125)	0.708	S	s (NA)	[]
2017-05-24 21:08:40	407	1141	8	0.007	0.920	1	16	9	P213M	180	3	0.990	S	S (0.016)	0.990	S	S (0.064)	0.708	S	S (0.016)	0.998	S	S (0.125)	0.708	S	s (NA)	[]
2017-05-24 21:09:55	408	1143	8	0.007	0.920	1	16	9	P213M	180	3	0.990	S	S (0.016)	0.990	S	S (0.064)	0.708	S	S (0.016)	0.998	S	S (0.125)	0.708	S	s (NA)	[]
2017-05-24 21:10:33	409	1146	8	0.007	0.920	1	16	9	P213M	180	3	0.990	S	S (0.016)	0.990	S	S (0.064)	0.708	S	S (0.016)	0.998	S	S (0.125)	0.708	S	s (NA)	[]
2017-05-24 21:14:57	410	1149	8	0.007	0.920	1	16	9	P213M	180	3	0.990	S	S (0.016)	0.990	S	S (0.064)	0.708	S	S (0.016)	0.998	S	S (0.125)	0.708	S	s (NA)	[]
2017-05-24 21:18:14	411	1152	8	0.007	0.920	1	16	9	P213M	180	3	0.990	S	S (0.016)	0.990	S	S (0.064)	0.708	S	S (0.016)	0.998	S	S (0.125)	0.708	S	s (NA)	[]
2017-05-24 21:20:13	412	1155	9	0.007	0.920	1	16	9	P213M	180	3	0.990	S	S (0.016)	0.990	S	S (0.064)	0.708	S	S (0.016)	0.998	S	S (0.125)	0.708	S	s (NA)	[]
2017-05-24 21:23:22	413	1158	9	0.007	0.920	1	16	9	P213M	180	3	0.990	S	S (0.016)	0.990	S	S (0.064)	0.708	S	S (0.016)	0.998	S	S (0.125)	0.708	S	s (NA)	[]
2017-05-24 21:26:35	414	1161	9	0.007	0.920	1	16	9	P213M	180	3	0.990	S	S (0.016)	0.990	S	S (0.064)	0.708	S	S (0.016)	0.998	S	S (0.125)	0.708	S	s (NA)	[]
2017-05-24 21:27:51	415	1161	9	0.007	0.920	1	16	9	P213M	180	3	0.990	S	S (0.016)	0.990	S	S (0.064)	0.708	S	S (0.016)	0.998	S	S (0.125)	0.708	S	s (NA)	[]
2017-05-24 21:29:33	418	1170	9	0.007	0.920	1	16	9	P213M	180	3	0.990	S	S (0.016)	0.990	S	S (0.064)	0.708	S	S (0.016)	0.998	S	S (0.125)	0.708	S	s (NA)	[]
2017-05-24 21:31:10	419	1172	9	0.007	0.920	1	16	9	P213M	180	3	0.990	S	S (0.016)	0.990	S	S (0.064)	0.708	S	S (0.016)	0.998	S	S (0.125)	0.708	S	s (NA)	[]
2017-05-24 21:32:57	420	1175	9	0.007	0.920	1	16	9	P213M	180	3	0.990	S	S (0.016)	0.990	S	S (0.064)	0.708	S	S (0.016)	0.998	S	S (0.125)	0.708	S	s (NA)	[]
2017-05-24 21:33:39	421	1177	9	0.007	0.920	1	16	9	P213M	180	3	0.990	S	S (0.016)	0.990	S	S (0.064)	0.708	S	S (0.016)	0.998	S	S (0.125)	0.708	S	s (NA)	[]
2017-05-24 21:35:12	423	1182	9	0.007	0.920	1	16	9	P213M	180	3	0.990	S	S (0.016)	0.990	S	S (0.064)	0.708	S	S (0.016)	0.998	S	S (0.125)	0.708	S	s (NA)	[]
2017-05-24 21:35:39	425	1186	9	0.007	0.920	1	16	9	P213M	180	3	0.990	S	S (0.016)	0.990	S	S (0.064)	0.708	S	S (0.016)	0.998	S	S (0.125)	0.708	S	s (NA)	[]
2017-05-24 21:37:24	426	1191	9	0.007	0.920	1	16	9	P213M	180	3	0.990	S	S (0.016)	0.990	S	S (0.064)	0.708	S	S (0.016)	0.997	S	S (0.125)	0.708	S	s (NA)	[]
2017-05-24 21:40:37	427	1193	9	0.007	0.920	1	16	9	P213M	180	3	0.990	S	S (0.016)	0.990	S	S (0.064)	0.708	S	S (0.016)	0.997	S	S (0.125)	0.708	S	s (NA)	[]
2017-05-24 21:42:04	430	1205	9	0.007	0.898	1	16	9	P213M	180	3	0.990	S	S (0.016)	0.990	S	S (0.064)	0.708	S	S (0.016)	0.997	S	S (0.125)	0.708	S	s (NA)	[]
2017-05-24 21:43:36	431	1208	9	0.007	0.898	1	16	9	P213M	180	3	0.990	S	S (0.016)	0.990	S	S (0.064)	0.708	S	S (0.016)	0.997	S	S (0.125)	0.708	S	s (NA)	[]
2017-05-24 21:47:28	432	1210	9	0.007	0.898	1	16	9	P213M	180	3	0.990	S	S (0.016)	0.990	S	S (0.064)	0.708	S	S (0.016)	0.997	S	S (0.125)	0.708	S	s (NA)	[]
2017-05-24 21:47:47	433	1214	9	0.007	0.898	1	16	9	P213M	180	3	0.990	S	S (0.016)	0.990	S	S (0.064)	0.708	S	S (0.016)	0.997	S	S (0.125)	0.708	S	s (NA)	[]
2017-05-24 21:50:14	434	1214	9	0.007	0.898	1	16	9	P213M	180	3	0.990	S	S (0.016)	0.990	S	S (0.064)	0.708	S	S (0.016)	0.997	S	S (0.125)	0.708	S	s (NA)	[]
2017-05-24 21:50:57	435	1218	9	0.007	0.898	1	16	9	P213M	180	3	0.990	S	S (0.016)	0.990	S	S (0.064)	0.708	S	S (0.016)	0.997	S	S (0.125)	0.708	S	s (NA)	[]
2017-05-24 21:53:46	436	1220	9	0.007	0.898	1	16	9	P213M	180	3	0.990	S	S (0.016)	0.990	S	S (0.064)	0.708	S	S (0.016)	0.997	S	S (0.125)	0.708	S	s (NA)	[]
2017-05-24 21:55:03	437	1221	9	0.007	0.898	1	16	9	P213M	180	3	0.990	S	S (0.016)	0.990	S	S (0.064)	0.708	S	S (0.016)	0.997	S	S (0.125)	0.708	S	s (NA)	[]
2017-05-24 21:57:46	439	1227	9	0.007	0.898	1	16	9	P213M	180	3	0.990	S	S (0.016)	0.990	S	S (0.064)	0.708	S	S (0.016)	0.997	S	S (0.125)	0.708	S	s (NA)	[]
2017-05-24 21:59:51	440	1230	9	0.007	0.898	1	16	9	P213M	180	3	0.990	S	S (0.016)	0.990	S	S (0.064)	0.708	S	S (0.016)	0.997	S	S (0.125)	0.708	S	s (NA)	[]
2017-05-24 22:01:02	441	1234	9	0.007	0.898	1	16	9	P213M	180	3	0.990	S	S (0.016)	0.990	S	S (0.064)	0.708	S	S (0.016)	0.997	S	S (0.125)	0.708	S	s (NA)	[]
2017-05-24 22:07:27	442	1236	9	0.007	0.898	1	16	9	P213M	180	3	0.990	S	S (0.016)	0.990	S	S (0.064)	0.708	S	S (0.016)	0.997	S	S (0.125)	0.708	S	s (NA)	[]
2017-05-24 22:07:54	443	1238	9	0.007	0.898	1	16	9	P213M	180	3	0.990	S	S (0.016)	0.990	S	S (0.064)	0.708	S	S (0.016)	0.997	S	S (0.125)	0.708	S	s (NA)	[]
2017-05-24 22:10:10	444	1241	9	0.007	0.898	1	16	9	P213M	180	3	0.990	S	S (0.016)	0.990	S	S (0.064)	0.708	S	S (0.016)	0.997	S	S (0.125)	0.708	S	s (NA)	[]
2017-05-24 22:11:13	445	1244	9	0.007	0.898	1	16	9	P213M	180	3	0.990	S	S (0.016)	0.990	S	S (0.064)	0.708	S	S (0.016)	0.997	S	S (0.125)	0.708	S	s (NA)	[]
2017-05-24 22:12:59	446	1247	9	0.007	0.898	1	16	9	P213M	180	3	0.990	S	S (0.016)	0.990	S	S (0.064)	0.708	S	S (0.016)	0.997	S	S (0.125)	0.708	S	s (NA)	[]
2017-05-24 22:15:38	448	1254	9	0.007	0.898	1	16	9	P213M	180	3	0.990	S	S (0.016)	0.990	S	S (0.064)	0.708	S	S (0.016)	0.997	S	S (0.125)	0.708	S	s (NA)	[]
2017-05-24 22:17:11	450	1260	10	0.008	0.898	1	16	9	P213M	180	3	0.990	S	S (0.016)	0.990	S	S (0.064)	0.708	S	S (0.016)	0.997	S	S (0.125)	0.708	S	s (NA)	[]
2017-05-24 22:19:31	452	1264	10	0.008	0.898	1	16	9	P213M	180	3	0.990	S	S (0.016)	0.990	S	S (0.064)	0.708	S	S (0.016)	0.997	S	S (0.125)	0.708	S	s (NA)	[]
2017-05-24 22:19:57	453	1267	10	0.008	0.898	1	16	9	P213M	180	3	0.990	S	S (0.016)	0.990	S	S (0.064)	0.708	S	S (0.016)	0.997	S	S (0.125)	0.708	S	s (NA)	[]
2017-05-24 22:21:42	455	1274	10	0.007	0.898	1	16	9	P213M	180	3	0.990	S	S (0.016)	0.990	S	S (0.064)	0.708	S	S (0.016)	0.997	S	S (0.125)	0.708	S	s (NA)	[]
2017-05-24 22:22:57	457	1280	10	0.007	0.898	1	16	9	P213M	180	3	0.990	S	S (0.016)	0.990	S	S (0.064)	0.708	S	S (0.016)	0.997	S	S (0.125)	0.708	S	s (NA)	[]
2017-05-24 22:26:13	458	1284	10	0.007	0.898	1	16	9	P213M	180	3	0.990	S	S (0.016)	0.990	S	S (0.064)	0.708	S	S (0.016)	0.997	S	S (0.125)	0.708	S	s (NA)	[]
2017-05-24 22:31:11	459	1287	10	0.007	0.898	1	16	9	P213M	180	3	0.990	S	S (0.016)	0.990	S	S (0.064)	0.708	S	S (0.016)	0.997	S	S (0.125)	0.708	S	s (NA)	[]
2017-05-24 22:31:41	460	1289	10	0.007	0.898	1	16	9	P213M	180	3	0.990	S	S (0.016)	0.990	S	S (0.064)	0.708	S	S (0.016)	0.997	S	S (0.125)	0.708	S	s (NA)	[]
2017-05-24 22:34:31	462	1295	10	0.007	0.898	1	16	9	P213M	180	3	0.990	S	S (0.016)	0.990	S	S (0.064)	0.708	S	S (0.016)	0.997	S	S (0.125)	0.708	S	s (NA)	[]
2017-05-24 22:36:32	463	1297	10	0.007	0.898	1	16	9	P213M	180	3	0.990	S	S (0.016)	0.990	S	S (0.064)	0.708	S	S (0.016)	0.997	S	S (0.125)	0.708	S	s (NA)	[]
2017-05-24 22:38:16	464	1299	10	0.007	0.896	1	16	9	P213M	180	3	0.990	S	S (0.016)	0.990	S	S (0.064)	0.708	S	S (0.016)	0.997	S	S (0.125)	0.708	S	s (NA)	[]
2017-05-24 22:39:29	465	1303	10	0.007	0.896	1	16	9	P213M	180	3	0.990	S	S (0.016)	0.990	S	S (0.064)	0.708	S	S (0.016)	0.997	S	S (0.125)	0.708	S	s (NA)	[]
2017-05-24 22:44:31	466	1306	10	0.007	0.896	1	16	9	P213M	180	3	0.990	S	S (0.016)	0.990	S	S (0.064)	0.708	S	S (0.016)	0.997	S	S (0.125)	0.708	S	s (NA)	[]
2017-05-24 22:44:34	467	1309	10	0.007	0.896	1	16	9	P213M	180	3	0.990	S	S (0.016)	0.990	S	S (0.064)	0.708	S	S (0.016)	0.997	S	S (0.125)	0.708	S	s (NA)	[]
2017-05-24 22:46:11	469	1316	10	0.008	0.886	1	16	1	P213M	180	3	0.990	S	S (0.016)	0.990	S	S (0.064)	0.708	S	S (0.016)	0.997	S	S (0.125)	0.708	S	s (NA)	[]
2017-05-24 22:46:43	470	1320	10	0.008	0.886	1	16	1	P213M	180	3	0.990	S	S (0.016)	0.990	S	S (0.064)	0.708	S	S (0.016)	0.997	S	S (0.125)	0.708	S	s (NA)	[]
2017-05-24 22:47:56	473	1328	10	0.008	0.886	1	16	1	P213M	180	3	0.990	S	S (0.016)	0.990	S	S (0.064)	0.708	S	S (0.016)	0.997	S	S (0.125)	0.708	S	s (NA)	[]
2017-05-24 22:48:45	475	1334	10	0.008	0.884	1	16	1	P213M	180	3	0.989	S	S (0.016)	0.989	S	S (0.064)	0.708	S	S (0.016)	0.997	S	S (0.125)	0.708	S	s (NA)	[]
2017-05-24 22:51:14	476	1337	10	0.008	0.884	1	16	1	P213M	180	3	0.989	S	S (0.016)	0.989	S	S (0.064)	0.708	S	S (0.016)	0.997	S	S (0.125)	0.708	S	s (NA)	[]
2017-05-24 22:52:42	477	1341	10	0.008	0.884	1	16	1	P213M	180	3	0.989	S	S (0.016)	0.989	S	S (0.064)	0.708	S	S (0.016)	0.997	S	S (0.125)	0.708	S	s (NA)	[]
2017-05-24 22:54:53	479	1346	10	0.008	0.884	1	16	1	P213M	180	3	0.989	S	S (0.016)	0.989	S	S (0.064)	0.708	S	S (0.016)	0.997	S	S (0.125)	0.708	S	s (NA)	[]
2017-05-24 22:56:46	480	1349	10	0.008	0.884	1	16	1	P213M	180	3	0.989	S	S (0.016)	0.989	S	S (0.064)	0.708	S	S (0.016)	0.997	S	S (0.125)	0.708	S	s (NA)	[]
2017-05-24 22:58:49	481	1350	10	0.008	0.884	1	16	1	P213M	180	3	0.989	S	S (0.016)	0.989	S	S (0.064)	0.708	S	S (0.016)	0.997	S	S (0.125)	0.708	S	s (NA)	[]
2017-05-24 23:00:38	484	1360	10	0.008	0.884	1	16	1	P213M	180	3	0.989	S	S (0.016)	0.989	S	S (0.064)	0.708	S	S (0.016)	0.997	S	S (0.125)	0.708	S	s (NA)	[]
2017-05-24 23:02:38	485	1363	10	0.008	0.884	1	16	1	P213M	180	3	0.989	S	S (0.016)	0.989	S	S (0.064)	0.708	S	S (0.016)	0.997	S	S (0.125)	0.708	S	s (NA)	[]
2017-05-24 23:03:59	487	1369	10	0.008	0.884	1	16	1	P213M	180	3	0.989	S	S (0.016)	0.989	S	S (0.064)	0.708	S	S (0.016)	0.997	S	S (0.125)	0.708	S	s (NA)	[]
2017-05-24 23:05:13	488	1372	10	0.008	0.884	1	16	1	P213M	180	3	0.989	S	S (0.016)	0.989	S	S (0.064)	0.708	S	S (0.016)	0.997	S	S (0.125)	0.708	S	s (NA)	[]
2017-05-24 23:05:53	489	1375	10	0.008	0.874	1	16	1	P213M	180	3	0.989	S	S (0.016)	0.989	S	S (0.064)	0.708	S	S (0.016)	0.997	S	S (0.125)	0.708	S	s (NA)	[]
2017-05-24 23:06:57	491	1381	10	0.008	0.874	1	16	1	P213M	180	3	0.989	S	S (0.016)	0.989	S	S (0.064)	0.708	S	S (0.016)	0.997	S	S (0.125)	0.708	S	s (NA)	[]
2017-05-24 23:10:22	492	1383	10	0.008	0.874	1	16	1	P213M	180	3	0.989	S	S (0.016)	0.989	S	S (0.064)	0.708	S	S (0.016)	0.997	S	S (0.125)	0.708	S	s (NA)	[]
2017-05-24 23:10:34	493	1383	10	0.008	0.874	1	16	1	P213M	180	3	0.989	S	S (0.016)	0.989	S	S (0.064)	0.708	S	S (0.016)	0.997	S	S (0.125)	0.708	S	s (NA)	[]
2017-05-24 23:14:00	494	1384	10	0.008	0.874	1	16	1	P213M	180	3	0.989	S	S (0.016)	0.989	S	S (0.064)	0.708	S	S (0.016)	0.997	S	S (0.125)	0.708	S	s (NA)	[]
2017-05-24 23:15:53	495	1386	10	0.008	0.874	1	16	1	P213M	180	3	0.989	S	S (0.016)	0.989	S	S (0.064)	0.708	S	S (0.016)	0.997	S	S (0.125)	0.708	S	s (NA)	[]
2017-05-24 23:18:01	496	1389	10	0.008	0.874	1	16	1	P213M	180	3	0.989	S	S (0.016)	0.989	S	S (0.064)	0.708	S	S (0.016)	0.997	S	S (0.125)	0.708	S	s (NA)	[]
2017-05-24 23:20:35	497	1392	10	0.008	0.874	1	16	1	P213M	180	3	0.989	S	S (0.016)	0.989	S	S (0.064)	0.708	S	S (0.016)	0.997	S	S (0.125)	0.708	S	s (NA)	[]
2017-05-24 23:22:39	498	1394	11	0.008	0.874	1	16	1	P213M	180	3	0.989	S	S (0.016)	0.989	S	S (0.064)	0.708	S	S (0.016)	0.997	S	S (0.125)	0.708	S	s (NA)	[]
2017-05-24 23:23:45	499	1397	11	0.008	0.874	1	16	1	P213M	180	3	0.989	S	S (0.016)	0.989	S	S (0.064)	0.708	S	S (0.016)	0.997	S	S (0.125)	0.708	S	s (NA)	[]
2017-05-24 23:27:13	500	1399	11	0.008	0.874	1	16	1	P213M	180	3	0.989	S	S (0.016)	0.989	S	S (0.064)	0.708	S	S (0.016)	0.997	S	S (0.125)	0.708	S	s (NA)	[]
2017-05-24 23:28:00	502	1404	11	0.008	0.874	1	16	1	P213M	180	3	0.989	S	S (0.016)	0.989	S	S (0.064)	0.708	S	S (0.016)	0.997	S	S (0.125)	0.708	S	s (NA)	[]
2017-05-24 23:30:29	503	1407	11	0.008	0.874	1	16	1	P213M	180	3	0.989	S	S (0.016)	0.989	S	S (0.064)	0.708	S	S (0.016)	0.997	S	S (0.125)	0.708	S	s (NA)	[]
2017-05-24 23:32:54	504	1410	11	0.008	0.874	1	16	1	P213M	180	3	0.989	S	S (0.016)	0.989	S	S (0.064)	0.708	S	S (0.016)	0.997	S	S (0.125)	0.708	S	s (NA)	[]
2017-05-24 23:38:07	505	1412	11	0.008	0.874	1	16	1	P213M	180	3	0.989	S	S (0.016)	0.989	S	S (0.064)	0.708	S	S (0.016)	0.997	S	S (0.125)	0.708	S	s (NA)	[]
2017-05-24 23:40:27	506	1415	11	0.008	0.874	1	16	1	P213M	180	3	0.989	S	S (0.016)	0.989	S	S (0.064)	0.708	S	S (0.016)	0.997	S	S (0.125)	0.708	S	s (NA)	[]
2017-05-24 23:40:53	507	1418	11	0.008	0.874	1	16	1	P213M	180	3	0.989	S	S (0.016)	0.989	S	S (0.064)	0.708	S	S (0.016)	0.997	S	S (0.125)	0.708	S	s (NA)	[]
2017-05-24 23:44:02	508	1422	11	0.008	0.874	1	16	1	P213M	180	3	0.989	S	S (0.016)	0.989	S	S (0.064)	0.708	S	S (0.016)	0.997	S	S (0.125)	0.708	S	s (NA)	[]
2017-05-24 23:46:07	509	1424	11	0.008	0.874	1	16	1	P213M	180	3	0.989	S	S (0.016)	0.989	S	S (0.064)	0.708	S	S (0.016)	0.997	S	S (0.125)	0.708	S	s (NA)	[]
2017-05-24 23:46:37	511	1429	11	0.008	0.874	1	16	1	P213M	180	3	0.989	S	S (0.016)	0.989	S	S (0.064)	0.708	S	S (0.016)	0.997	S	S (0.125)	0.708	S	s (NA)	[]
2017-05-24 23:47:44	512	1432	11	0.008	0.872	1	16	1	P213M	180	3	0.989	S	S (0.016)	0.989	S	S (0.064)	0.708	S	S (0.016)	0.997	S	S (0.125)	0.708	S	s (NA)	[]
2017-05-24 23:54:38	514	1437	12	0.008	0.872	1	16	1	P213M	180	3	0.989	S	S (0.016)	0.989	S	S (0.064)	0.708	S	S (0.016)	0.997	S	S (0.125)	0.708	S	s (NA)	[]
2017-05-24 23:55:46	515	1439	12	0.008	0.872	1	16	1	P213M	180	3	0.989	S	S (0.016)	0.989	S	S (0.064)	0.708	S	S (0.016)	0.997	S	S (0.125)	0.708	S	s (NA)	[]
2017-05-24 23:57:21	518	1446	12	0.008	0.872	1	16	1	P213M	180	3	0.989	S	S (0.016)	0.989	S	S (0.064)	0.708	S	S (0.016)	0.997	S	S (0.125)	0.708	S	s (NA)	[]
2017-05-24 23:59:03	519	1449	12	0.008	0.872	1	16	1	P213M	180	3	0.989	S	S (0.016)	0.989	S	S (0.064)	0.708	S	S (0.016)	0.997	S	S (0.125)	0.708	S	s (NA)	[]
2017-05-25 00:01:40	520	1452	12	0.008	0.878	1	16	1	P213M	180	3	0.989	S	S (0.016)	0.989	S	S (0.064)	0.717	S	S (0.016)	0.997	S	S (0.125)	0.717	S	s (NA)	[]
2017-05-25 00:06:07	521	1455	12	0.008	0.878	1	16	1	P213M	180	3	0.989	S	S (0.016)	0.989	S	S (0.064)	0.717	S	S (0.016)	0.997	S	S (0.125)	0.717	S	s (NA)	[]
2017-05-25 00:07:01	522	1458	12	0.008	0.878	1	16	1	P213M	180	3	0.989	S	S (0.016)	0.989	S	S (0.064)	0.717	S	S (0.016)	0.997	S	S (0.125)	0.717	S	s (NA)	[]
2017-05-25 00:07:39	524	1464	12	0.008	0.878	1	16	1	P213M	180	3	0.980	S	S (0.016)	0.989	S	S (0.064)	0.717	S	S (0.016)	0.997	S	S (0.125)	0.717	S	s (NA)	[]
2017-05-25 00:08:41	525	1466	12	0.008	0.878	1	16	1	P213M	180	3	0.980	S	S (0.016)	0.989	S	S (0.064)	0.717	S	S (0.016)	0.997	S	S (0.125)	0.717	S	s (NA)	[]
2017-05-25 00:11:19	526	1469	12	0.008	0.876	1	16	1	P213M	180	3	0.980	S	S (0.016)	0.989	S	S (0.064)	0.717	S	S (0.016)	0.997	S	S (0.125)	0.717	S	s (NA)	[]
2017-05-25 00:15:02	527	1471	12	0.008	0.876	1	16	1	P213M	180	3	0.980	S	S (0.016)	0.989	S	S (0.064)	0.717	S	S (0.016)	0.997	S	S (0.125)	0.717	S	s (NA)	[]
2017-05-25 00:18:15	528	1474	12	0.008	0.876	1	16	1	P213M	180	3	0.980	S	S (0.016)	0.989	S	S (0.064)	0.717	S	S (0.016)	0.997	S	S (0.125)	0.717	S	s (NA)	[]
2017-05-25 00:19:22	529	1477	12	0.008	0.876	1	16	1	P213M	180	3	0.980	S	S (0.016)	0.989	S	S (0.064)	0.717	S	S (0.016)	0.997	S	S (0.125)	0.717	S	s (NA)	[]
2017-05-25 00:19:55	530	1480	12	0.008	0.876	1	16	1	P213M	180	3	0.980	S	S (0.016)	0.989	S	S (0.064)	0.717	S	S (0.016)	0.997	S	S (0.125)	0.717	S	s (NA)	[]
2017-05-25 00:20:32	531	1482	12	0.008	0.876	1	16	1	P213M	180	3	0.980	S	S (0.016)	0.989	S	S (0.064)	0.717	S	S (0.016)	0.997	S	S (0.125)	0.717	S	s (NA)	[]
2017-05-25 00:21:53	533	1488	12	0.008	0.876	1	16	1	P213M	180	3	0.980	S	S (0.016)	0.989	S	S (0.064)	0.717	S	S (0.016)	0.997	S	S (0.125)	0.717	S	s (NA)	[]
2017-05-25 00:25:15	536	1494	12	0.008	0.876	1	16	1	P213M	180	3	0.980	S	S (0.016)	0.989	S	S (0.064)	0.717	S	S (0.016)	0.996	S	S (0.125)	0.717	S	s (NA)	[]
2017-05-25 00:27:49	537	1497	12	0.008	0.876	1	16	1	P213M	180	3	0.980	S	S (0.016)	0.989	S	S (0.064)	0.717	S	S (0.016)	0.996	S	S (0.125)	0.717	S	s (NA)	[]
2017-05-25 00:29:03	540	1503	12	0.008	0.876	1	16	1	P213M	180	3	0.980	S	S (0.016)	0.988	S	S (0.064)	0.717	S	S (0.016)	0.996	S	S (0.125)	0.717	S	s (NA)	[]
2017-05-25 00:33:01	542	1508	12	0.008	0.876	1	16	1	P213M	180	3	0.980	S	S (0.016)	0.988	S	S (0.064)	0.717	S	S (0.016)	0.996	S	S (0.125)	0.717	S	s (NA)	[]
2017-05-25 00:33:43	543	1510	12	0.008	0.876	1	16	1	P213M	180	3	0.980	S	S (0.016)	0.988	S	S (0.064)	0.717	S	S (0.016)	0.996	S	S (0.125)	0.717	S	s (NA)	[]
2017-05-25 00:36:20	546	1518	12	0.008	0.876	1	16	1	P213M	180	3	0.980	S	S (0.016)	0.988	S	S (0.064)	0.717	S	S (0.016)	0.996	S	S (0.125)	0.717	S	s (NA)	[]
2017-05-25 00:36:38	547	1521	12	0.008	0.876	1	16	1	P213M	180	3	0.980	S	S (0.016)	0.988	S	S (0.064)	0.717	S	S (0.016)	0.996	S	S (0.125)	0.717	S	s (NA)	[]
2017-05-25 00:37:59	548	1524	12	0.008	0.876	1	16	1	P213M	180	3	0.980	S	S (0.016)	0.988	S	S (0.064)	0.717	S	S (0.016)	0.996	S	S (0.125)	0.717	S	s (NA)	[]
2017-05-25 00:41:58	549	1527	12	0.008	0.876	1	16	1	P213M	180	3	0.980	S	S (0.016)	0.988	S	S (0.064)	0.717	S	S (0.016)	0.996	S	S (0.125)	0.717	S	s (NA)	[]
2017-05-25 00:42:34	551	1533	12	0.008	0.876	1	16	1	P213M	180	3	0.980	S	S (0.016)	0.988	S	S (0.064)	0.717	S	S (0.016)	0.996	S	S (0.125)	0.717	S	s (NA)	[]
2017-05-25 00:43:44	552	1536	12	0.008	0.876	1	16	1	P213M	180	3	0.980	S	S (0.016)	0.988	S	S (0.064)	0.717	S	S (0.016)	0.996	S	S (0.125)	0.717	S	s (NA)	[]
2017-05-25 00:48:00	553	1543	12	0.008	0.876	1	16	1	P213M	180	3	0.980	S	S (0.016)	0.988	S	S (0.064)	0.717	S	S (0.016)	0.996	S	S (0.125)	0.717	S	s (NA)	[]
2017-05-25 00:49:23	555	1548	12	0.008	0.876	1	16	1	P213M	180	3	0.980	S	S (0.016)	0.988	S	S (0.064)	0.717	S	S (0.016)	0.996	S	S (0.125)	0.717	S	s (NA)	[]
2017-05-25 00:50:15	556	1550	12	0.008	0.876	1	16	1	P213M	180	3	0.980	S	S (0.016)	0.988	S	S (0.064)	0.717	S	S (0.016)	0.996	S	S (0.125)	0.717	S	s (NA)	[]
2017-05-25 00:51:00	557	1553	12	0.008	0.876	1	16	1	P213M	180	3	0.980	S	S (0.016)	0.988	S	S (0.064)	0.717	S	S (0.016)	0.996	S	S (0.125)	0.717	S	s (NA)	[]
2017-05-25 00:53:01	558	1555	12	0.008	0.876	1	16	1	P213M	180	3	0.980	S	S (0.016)	0.988	S	S (0.064)	0.717	S	S (0.016)	0.996	S	S (0.125)	0.717	S	s (NA)	[]
2017-05-25 00:54:11	559	1558	12	0.008	0.876	1	16	1	P213M	180	3	0.980	S	S (0.016)	0.988	S	S (0.064)	0.717	S	S (0.016)	0.996	S	S (0.125)	0.717	S	s (NA)	[]
2017-05-25 00:56:07	560	1561	12	0.008	0.876	1	16	1	P213M	180	3	0.980	S	S (0.016)	0.988	S	S (0.064)	0.717	S	S (0.016)	0.996	S	S (0.125)	0.717	S	s (NA)	[]
2017-05-25 00:57:13	561	1564	12	0.008	0.876	1	16	1	P213M	180	3	0.980	S	S (0.016)	0.988	S	S (0.064)	0.717	S	S (0.016)	0.996	S	S (0.125)	0.717	S	s (NA)	[]
2017-05-25 00:57:32	564	1572	12	0.008	0.874	1	16	1	P213M	180	3	0.980	S	S (0.016)	0.988	S	S (0.064)	0.717	S	S (0.016)	0.996	S	S (0.125)	0.717	S	s (NA)	[]
2017-05-25 00:58:48	567	1582	12	0.008	0.874	1	16	1	P213M	180	3	0.980	S	S (0.016)	0.988	S	S (0.064)	0.717	S	S (0.016)	0.996	S	S (0.125)	0.717	S	s (NA)	[]
2017-05-25 00:59:36	568	1583	12	0.008	0.874	1	16	1	P213M	180	3	0.980	S	S (0.016)	0.988	S	S (0.064)	0.717	S	S (0.016)	0.996	S	S (0.125)	0.717	S	s (NA)	[]
2017-05-25 01:02:00	570	1588	12	0.008	0.874	1	16	1	P213M	180	3	0.980	S	S (0.016)	0.987	S	S (0.064)	0.717	S	S (0.016)	0.996	S	S (0.125)	0.717	S	s (NA)	[]
2017-05-25 01:03:05	571	1591	12	0.008	0.874	1	16	1	P213M	180	3	0.980	S	S (0.016)	0.987	S	S (0.064)	0.717	S	S (0.016)	0.996	S	S (0.125)	0.717	S	s (NA)	[]
2017-05-25 01:05:15	574	1599	12	0.008	0.874	1	16	1	P213M	180	3	0.980	S	S (0.016)	0.987	S	S (0.064)	0.717	S	S (0.016)	0.996	S	S (0.125)	0.717	S	s (NA)	[]
2017-05-25 01:06:51	576	1602	12	0.008	0.874	1	16	1	P213M	180	3	0.980	S	S (0.016)	0.987	S	S (0.064)	0.717	S	S (0.016)	0.996	S	S (0.125)	0.717	S	s (NA)	[]
2017-05-25 01:09:40	577	1605	12	0.008	0.874	1	16	1	P213M	180	3	0.980	S	S (0.016)	0.987	S	S (0.064)	0.717	S	S (0.016)	0.996	S	S (0.125)	0.717	S	s (NA)	[]
2017-05-25 01:14:47	578	1607	12	0.008	0.874	1	16	1	P213M	180	3	0.980	S	S (0.016)	0.987	S	S (0.064)	0.717	S	S (0.016)	0.996	S	S (0.125)	0.717	S	s (NA)	[]
2017-05-25 01:15:49	579	1611	12	0.008	0.874	1	16	1	P213M	180	3	0.980	S	S (0.016)	0.987	S	S (0.064)	0.717	S	S (0.016)	0.996	S	S (0.125)	0.717	S	s (NA)	[]
2017-05-25 01:17:00	580	1615	12	0.008	0.874	1	16	1	P213M	180	3	0.980	S	S (0.016)	0.987	S	S (0.064)	0.717	S	S (0.016)	0.996	S	S (0.125)	0.717	S	s (NA)	[]
2017-05-25 01:20:01	582	1618	12	0.008	0.874	1	16	1	P213M	180	3	0.980	S	S (0.016)	0.987	S	S (0.064)	0.717	S	S (0.016)	0.996	S	S (0.125)	0.717	S	s (NA)	[]
2017-05-25 01:20:36	584	1623	12	0.008	0.874	1	16	1	P213M	180	3	0.980	S	S (0.016)	0.987	S	S (0.064)	0.717	S	S (0.016)	0.996	S	S (0.125)	0.717	S	s (NA)	[]
2017-05-25 01:22:52	585	1625	12	0.008	0.874	1	16	1	P213M	180	3	0.980	S	S (0.016)	0.987	S	S (0.064)	0.717	S	S (0.016)	0.996	S	S (0.125)	0.717	S	s (NA)	[]
2017-05-25 01:24:33	586	1626	12	0.008	0.874	1	16	1	P213M	180	3	0.980	S	S (0.016)	0.987	S	S (0.064)	0.717	S	S (0.016)	0.996	S	S (0.125)	0.717	S	s (NA)	[]
2017-05-25 01:25:47	588	1632	12	0.008	0.874	1	16	1	P213M	180	3	0.980	S	S (0.016)	0.987	S	S (0.064)	0.717	S	S (0.016)	0.996	S	S (0.125)	0.717	S	s (NA)	[]
2017-05-25 01:28:01	589	1635	12	0.008	0.874	1	16	1	P213M	180	3	0.980	S	S (0.016)	0.987	S	S (0.064)	0.717	S	S (0.016)	0.996	S	S (0.125)	0.717	S	s (NA)	[]
2017-05-25 01:29:48	590	1636	12	0.008	0.874	1	16	1	P213M	180	3	0.980	S	S (0.016)	0.987	S	S (0.064)	0.717	S	S (0.016)	0.996	S	S (0.125)	0.717	S	s (NA)	[]
2017-05-25 01:31:03	592	1640	12	0.008	0.874	1	16	1	P213M	180	3	0.980	S	S (0.016)	0.987	S	S (0.064)	0.717	S	S (0.016)	0.996	S	S (0.125)	0.717	S	s (NA)	[]
2017-05-25 01:37:30	593	1641	12	0.008	0.874	1	16	1	P213M	180	3	0.980	S	S (0.016)	0.987	S	S (0.064)	0.717	S	S (0.016)	0.996	S	S (0.125)	0.717	S	s (NA)	[]
2017-05-25 01:37:36	594	1644	12	0.008	0.874	1	16	1	P213M	180	3	0.980	S	S (0.016)	0.987	S	S (0.064)	0.717	S	S (0.016)	0.996	S	S (0.125)	0.717	S	s (NA)	[]
2017-05-25 01:39:10	595	1646	12	0.008	0.874	1	16	1	P213M	180	3	0.980	S	S (0.016)	0.987	S	S (0.064)	0.717	S	S (0.016)	0.996	S	S (0.125)	0.717	S	s (NA)	[]
2017-05-25 01:43:34	596	1646	12	0.008	0.874	1	16	1	P213M	180	3	0.980	S	S (0.016)	0.987	S	S (0.064)	0.717	S	S (0.016)	0.996	S	S (0.125)	0.717	S	s (NA)	[]
2017-05-25 01:47:45	599	1654	12	0.008	0.874	1	16	1	P213M	180	3	0.980	S	S (0.016)	0.987	S	S (0.064)	0.717	S	S (0.016)	0.996	S	S (0.125)	0.717	S	s (NA)	[]
2017-05-25 01:48:56	603	1665	12	0.007	0.874	1	16	1	P213M	180	3	0.980	S	S (0.016)	0.987	S	S (0.064)	0.717	S	S (0.016)	0.996	S	S (0.125)	0.717	S	s (NA)	[]
2017-05-25 01:49:34	605	1670	12	0.007	0.874	1	16	1	P213M	180	3	0.980	S	S (0.016)	0.987	S	S (0.064)	0.717	S	S (0.016)	0.996	S	S (0.125)	0.717	S	s (NA)	[]
2017-05-25 01:50:35	608	1678	12	0.007	0.874	1	16	1	P213M	180	3	0.980	S	S (0.016)	0.987	S	S (0.064)	0.717	S	S (0.016)	0.996	S	S (0.125)	0.717	S	s (NA)	[]
2017-05-25 01:51:53	609	1680	12	0.007	0.874	1	16	1	P213M	180	3	0.980	S	S (0.016)	0.987	S	S (0.064)	0.717	S	S (0.016)	0.996	S	S (0.125)	0.717	S	s (NA)	[]
2017-05-25 01:56:17	610	1682	12	0.007	0.874	1	16	1	P213M	180	3	0.980	S	S (0.016)	0.987	S	S (0.064)	0.717	S	S (0.016)	0.996	S	S (0.125)	0.717	S	s (NA)	[]
2017-05-25 01:56:51	611	1685	12	0.007	0.874	1	16	1	P213M	180	3	0.980	S	S (0.016)	0.987	S	S (0.064)	0.717	S	S (0.016)	0.996	S	S (0.125)	0.717	S	s (NA)	[]
2017-05-25 01:58:11	614	1693	12	0.007	0.874	1	16	1	P213M	180	3	0.980	S	S (0.016)	0.987	S	S (0.064)	0.717	S	S (0.016)	0.996	S	S (0.125)	0.717	S	s (NA)	[]
2017-05-25 01:59:00	615	1695	12	0.007	0.874	1	16	1	P213M	180	3	0.980	S	S (0.016)	0.987	S	S (0.064)	0.717	S	S (0.016)	0.996	S	S (0.125)	0.717	S	s (NA)	[]
2017-05-25 02:02:25	617	1701	12	0.007	0.874	1	16	1	P213M	180	3	0.980	S	S (0.016)	0.987	S	S (0.064)	0.717	S	S (0.016)	0.996	S	S (0.125)	0.717	S	s (NA)	[]
2017-05-25 02:04:28	618	1703	12	0.007	0.874	1	16	1	P213M	180	3	0.980	S	S (0.016)	0.987	S	S (0.064)	0.717	S	S (0.016)	0.996	S	S (0.125)	0.717	S	s (NA)	[]
2017-05-25 02:04:56	619	1705	12	0.007	0.874	1	16	1	P213M	180	3	0.980	S	S (0.016)	0.987	S	S (0.064)	0.717	S	S (0.016)	0.996	S	S (0.125)	0.717	S	s (NA)	[]
2017-05-25 02:06:03	626	1724	12	0.007	0.874	1	16	1	P213M	180	3	0.980	S	S (0.016)	0.987	S	S (0.064)	0.717	S	S (0.016)	0.996	S	S (0.125)	0.717	S	s (NA)	[]
2017-05-25 02:07:00	627	1726	12	0.007	0.874	1	16	1	P213M	180	3	0.980	S	S (0.016)	0.987	S	S (0.064)	0.717	S	S (0.016)	0.996	S	S (0.125)	0.717	S	s (NA)	[]
2017-05-25 02:08:14	628	1728	12	0.007	0.874	1	16	1	P213M	180	3	0.980	S	S (0.016)	0.987	S	S (0.064)	0.717	S	S (0.016)	0.996	S	S (0.125)	0.717	S	s (NA)	[]
2017-05-25 02:10:26	629	1730	12	0.007	0.874	1	16	1	P213M	180	3	0.980	S	S (0.016)	0.987	S	S (0.064)	0.717	S	S (0.016)	0.996	S	S (0.125)	0.717	S	s (NA)	[]
2017-05-25 02:10:34	630	1734	12	0.007	0.874	1	16	1	P213M	180	3	0.980	S	S (0.016)	0.987	S	S (0.064)	0.717	S	S (0.016)	0.996	S	S (0.125)	0.717	S	s (NA)	[]
2017-05-25 02:11:53	631	1737	12	0.007	0.874	1	16	1	P213M	180	3	0.980	S	S (0.016)	0.987	S	S (0.064)	0.717	S	S (0.016)	0.996	S	S (0.125)	0.717	S	s (NA)	[]
2017-05-25 02:12:40	632	1741	12	0.007	0.874	1	16	1	P213M	180	3	0.980	S	S (0.016)	0.987	S	S (0.064)	0.717	S	S (0.016)	0.996	S	S (0.125)	0.717	S	s (NA)	[]
2017-05-25 02:15:59	634	1747	13	0.007	0.878	1	16	1	P213M	180	3	0.981	S	S (0.016)	0.987	S	S (0.064)	0.722	S	S (0.016)	0.996	S	S (0.125)	0.722	S	s (NA)	[]
2017-05-25 02:17:39	635	1750	13	0.007	0.878	1	16	1	P213M	180	3	0.981	S	S (0.016)	0.987	S	S (0.064)	0.722	S	S (0.016)	0.996	S	S (0.125)	0.722	S	s (NA)	[]
2017-05-25 02:18:57	636	1754	13	0.007	0.878	1	16	1	P213M	180	3	0.981	S	S (0.016)	0.987	S	S (0.064)	0.721	S	S (0.016)	0.996	S	S (0.125)	0.721	S	s (NA)	[]
2017-05-25 02:21:06	637	1757	13	0.007	0.878	1	16	1	P213M	180	3	0.981	S	S (0.016)	0.987	S	S (0.064)	0.721	S	S (0.016)	0.996	S	S (0.125)	0.721	S	s (NA)	[]
2017-05-25 02:24:15	638	1761	13	0.007	0.878	1	16	1	P213M	180	3	0.981	S	S (0.016)	0.987	S	S (0.064)	0.721	S	S (0.016)	0.996	S	S (0.125)	0.721	S	s (NA)	[]
2017-05-25 02:24:43	639	1764	13	0.007	0.878	1	16	1	P213M	180	3	0.981	S	S (0.016)	0.987	S	S (0.064)	0.721	S	S (0.016)	0.996	S	S (0.125)	0.721	S	s (NA)	[]
2017-05-25 02:31:30	640	1767	13	0.007	0.878	1	16	1	P213M	180	3	0.981	S	S (0.016)	0.987	S	S (0.064)	0.721	S	S (0.016)	0.996	S	S (0.125)	0.721	S	s (NA)	[]
2017-05-25 02:34:25	641	1771	13	0.007	0.878	1	16	1	P213M	180	3	0.981	S	S (0.016)	0.987	S	S (0.064)	0.721	S	S (0.016)	0.996	S	S (0.125)	0.721	S	s (NA)	[]
2017-05-25 02:37:14	642	1775	13	0.007	0.878	1	16	1	P213M	180	3	0.981	S	S (0.016)	0.987	S	S (0.064)	0.721	S	S (0.016)	0.996	S	S (0.125)	0.721	S	s (NA)	[]
2017-05-25 02:41:28	643	1777	13	0.007	0.878	1	16	1	P213M	180	3	0.981	S	S (0.016)	0.987	S	S (0.064)	0.721	S	S (0.016)	0.996	S	S (0.125)	0.721	S	s (NA)	[]
2017-05-25 02:42:26	644	1780	13	0.007	0.878	1	16	1	P213M	180	3	0.981	S	S (0.016)	0.987	S	S (0.064)	0.721	S	S (0.016)	0.996	S	S (0.125)	0.721	S	s (NA)	[]
2017-05-25 02:44:14	645	1782	13	0.007	0.878	1	16	1	P213M	180	3	0.981	S	S (0.016)	0.987	S	S (0.064)	0.721	S	S (0.016)	0.996	S	S (0.125)	0.721	S	s (NA)	[]
2017-05-25 02:44:44	646	1782	13	0.007	0.878	1	16	1	P213M	180	3	0.981	S	S (0.016)	0.987	S	S (0.064)	0.721	S	S (0.016)	0.996	S	S (0.125)	0.721	S	s (NA)	[]
2017-05-25 02:47:37	647	1784	13	0.007	0.878	1	16	1	P213M	180	3	0.981	S	S (0.016)	0.987	S	S (0.064)	0.721	S	S (0.016)	0.996	S	S (0.125)	0.721	S	s (NA)	[]
2017-05-25 02:50:15	650	1792	13	0.007	0.878	1	16	1	P213M	180	3	0.981	S	S (0.016)	0.987	S	S (0.064)	0.721	S	S (0.016)	0.996	S	S (0.125)	0.721	S	s (NA)	[]
2017-05-25 02:52:04	651	1794	13	0.007	0.878	1	16	1	P213M	180	3	0.981	S	S (0.016)	0.987	S	S (0.064)	0.721	S	S (0.016)	0.996	S	S (0.125)	0.721	S	s (NA)	[]
2017-05-25 02:55:46	652	1798	13	0.007	0.878	1	16	1	P213M	180	3	0.981	S	S (0.016)	0.987	S	S (0.064)	0.721	S	S (0.016)	0.996	S	S (0.125)	0.721	S	s (NA)	[]
2017-05-25 02:56:53	655	1807	13	0.007	0.878	1	16	1	P213M	180	3	0.981	S	S (0.016)	0.987	S	S (0.064)	0.721	S	S (0.016)	0.996	S	S (0.125)	0.721	S	s (NA)	[]
2017-05-25 02:59:47	656	1810	13	0.007	0.878	1	16	1	P213M	180	3	0.981	S	S (0.016)	0.987	S	S (0.064)	0.721	S	S (0.016)	0.996	S	S (0.125)	0.721	S	s (NA)	[]
2017-05-25 03:03:18	657	1814	13	0.007	0.878	1	16	1	P213M	180	3	0.981	S	S (0.016)	0.987	S	S (0.064)	0.721	S	S (0.016)	0.996	S	S (0.125)	0.721	S	s (NA)	[]
2017-05-25 03:04:15	658	1816	13	0.007	0.878	1	16	1	P213M	180	3	0.981	S	S (0.016)	0.987	S	S (0.064)	0.721	S	S (0.016)	0.996	S	S (0.125)	0.721	S	s (NA)	[]
2017-05-25 03:05:11	659	1818	13	0.007	0.878	1	16	1	P213M	180	3	0.981	S	S (0.016)	0.987	S	S (0.064)	0.721	S	S (0.016)	0.996	S	S (0.125)	0.721	S	s (NA)	[]
2017-05-25 03:05:40	661	1825	13	0.007	0.882	1	16	1	P213M	180	3	0.982	S	S (0.016)	0.988	S	S (0.064)	0.730	S	S (0.016)	0.996	S	S (0.125)	0.730	S	s (NA)	[]
2017-05-25 03:06:41	662	1828	13	0.007	0.882	1	16	1	P213M	180	3	0.982	S	S (0.016)	0.988	S	S (0.064)	0.730	S	S (0.016)	0.996	S	S (0.125)	0.730	S	s (NA)	[]
2017-05-25 03:08:21	664	1832	14	0.007	0.870	1	16	9	P213M	180	3	0.982	S	S (0.016)	0.988	S	S (0.064)	0.730	S	S (0.016)	0.996	S	S (0.125)	0.730	S	s (NA)	[]
2017-05-25 03:12:59	665	1835	14	0.007	0.870	1	16	9	P213M	180	3	0.982	S	S (0.016)	0.988	S	S (0.064)	0.730	S	S (0.016)	0.996	S	S (0.125)	0.730	S	s (NA)	[]
2017-05-25 03:15:21	666	1838	14	0.007	0.870	1	16	9	P213M	180	3	0.982	S	S (0.016)	0.988	S	S (0.064)	0.730	S	S (0.016)	0.996	S	S (0.125)	0.730	S	s (NA)	[]
2017-05-25 03:16:30	667	1839	14	0.007	0.870	1	16	9	P213M	180	3	0.982	S	S (0.016)	0.988	S	S (0.064)	0.730	S	S (0.016)	0.996	S	S (0.125)	0.730	S	s (NA)	[]
2017-05-25 03:18:37	668	1842	14	0.007	0.870	1	16	9	P213M	180	3	0.982	S	S (0.016)	0.988	S	S (0.064)	0.730	S	S (0.016)	0.996	S	S (0.125)	0.730	S	s (NA)	[]
2017-05-25 03:19:37	669	1845	14	0.008	0.870	1	16	9	P213M	180	3	0.982	S	S (0.016)	0.988	S	S (0.064)	0.731	S	S (0.016)	0.996	S	S (0.125)	0.731	S	s (NA)	[]
2017-05-25 03:20:41	670	1848	14	0.008	0.870	1	16	9	P213M	180	3	0.982	S	S (0.016)	0.988	S	S (0.064)	0.731	S	S (0.016)	0.996	S	S (0.125)	0.731	S	s (NA)	[]
2017-05-25 03:21:58	671	1851	14	0.008	0.870	1	16	9	P213M	180	3	0.982	S	S (0.016)	0.988	S	S (0.064)	0.731	S	S (0.016)	0.996	S	S (0.125)	0.731	S	s (NA)	[]
2017-05-25 03:26:00	672	1854	14	0.008	0.870	1	16	9	P213M	180	3	0.982	S	S (0.016)	0.988	S	S (0.064)	0.731	S	S (0.016)	0.996	S	S (0.125)	0.731	S	s (NA)	[]
2017-05-25 03:27:34	673	1857	14	0.008	0.870	1	16	9	P213M	180	3	0.982	S	S (0.016)	0.988	S	S (0.064)	0.731	S	S (0.016)	0.996	S	S (0.125)	0.731	S	s (NA)	[]
2017-05-25 03:32:04	674	1860	14	0.008	0.870	1	16	9	P213M	180	3	0.982	S	S (0.016)	0.988	S	S (0.064)	0.731	S	S (0.016)	0.996	S	S (0.125)	0.731	S	s (NA)	[]
2017-05-25 03:32:33	676	1864	14	0.008	0.870	1	16	9	P213M	180	3	0.982	S	S (0.016)	0.988	S	S (0.064)	0.731	S	S (0.016)	0.996	S	S (0.125)	0.731	S	s (NA)	[]
2017-05-25 03:37:10	677	1865	14	0.008	0.870	1	16	9	P213M	180	3	0.982	S	S (0.016)	0.988	S	S (0.064)	0.731	S	S (0.016)	0.996	S	S (0.125)	0.731	S	s (NA)	[]
2017-05-25 03:39:40	678	1867	14	0.008	0.870	1	16	9	P213M	180	3	0.982	S	S (0.016)	0.988	S	S (0.064)	0.731	S	S (0.016)	0.996	S	S (0.125)	0.731	S	s (NA)	[]
2017-05-25 03:44:02	680	1873	14	0.007	0.870	1	16	9	P213M	180	3	0.982	S	S (0.016)	0.988	S	S (0.064)	0.731	S	S (0.016)	0.996	S	S (0.125)	0.731	S	s (NA)	[]
2017-05-25 03:45:47	681	1877	14	0.007	0.870	1	16	9	P213M	180	3	0.982	S	S (0.016)	0.988	S	S (0.064)	0.731	S	S (0.016)	0.996	S	S (0.125)	0.731	S	s (NA)	[]
2017-05-25 03:49:40	683	1882	14	0.008	0.870	1	16	9	P213M	180	3	0.968	S	S (0.016)	0.988	S	S (0.064)	0.731	S	S (0.016)	0.996	S	S (0.125)	0.731	S	s (NA)	[]
2017-05-25 03:59:39	684	1884	14	0.008	0.870	1	16	9	P213M	180	3	0.968	S	S (0.016)	0.988	S	S (0.064)	0.731	S	S (0.016)	0.996	S	S (0.125)	0.731	S	s (NA)	[]
2017-05-25 04:01:42	685	1886	14	0.008	0.870	1	16	9	P213M	180	3	0.968	S	S (0.016)	0.988	S	S (0.064)	0.731	S	S (0.016)	0.996	S	S (0.125)	0.731	S	s (NA)	[]
2017-05-25 04:04:22	686	1888	14	0.008	0.870	1	16	9	P213M	180	3	0.968	S	S (0.016)	0.988	S	S (0.064)	0.731	S	S (0.016)	0.996	S	S (0.125)	0.731	S	s (NA)	[]
2017-05-25 04:05:26	687	1891	14	0.008	0.870	1	16	9	P213M	180	3	0.968	S	S (0.016)	0.988	S	S (0.064)	0.731	S	S (0.016)	0.996	S	S (0.125)	0.731	S	s (NA)	[]
2017-05-25 04:05:50	688	1894	14	0.008	0.870	1	16	9	P213M	180	3	0.968	S	S (0.016)	0.988	S	S (0.064)	0.731	S	S (0.016)	0.996	S	S (0.125)	0.731	S	s (NA)	[]
2017-05-25 04:06:45	689	1898	14	0.008	0.870	1	16	9	P213M	180	3	0.968	S	S (0.016)	0.988	S	S (0.064)	0.731	S	S (0.016)	0.996	S	S (0.125)	0.731	S	s (NA)	[]
2017-05-25 04:08:55	690	1899	14	0.008	0.870	1	16	9	P213M	180	3	0.968	S	S (0.016)	0.988	S	S (0.064)	0.731	S	S (0.016)	0.996	S	S (0.125)	0.731	S	s (NA)	[]
2017-05-25 04:09:37	691	1902	14	0.008	0.870	1	16	9	P213M	180	3	0.968	S	S (0.016)	0.988	S	S (0.064)	0.731	S	S (0.016)	0.996	S	S (0.125)	0.731	S	s (NA)	[]
2017-05-25 04:11:53	693	1907	14	0.008	0.870	1	16	9	P213M	180	3	0.968	S	S (0.016)	0.988	S	S (0.064)	0.731	S	S (0.016)	0.996	S	S (0.125)	0.731	S	s (NA)	[]
2017-05-25 04:13:25	694	1910	14	0.008	0.870	1	16	9	P213M	180	3	0.968	S	S (0.016)	0.988	S	S (0.064)	0.731	S	S (0.016)	0.996	S	S (0.125)	0.731	S	s (NA)	[]
2017-05-25 04:15:31	695	1914	14	0.008	0.870	1	16	9	P213M	180	3	0.968	S	S (0.016)	0.988	S	S (0.064)	0.731	S	S (0.016)	0.996	S	S (0.125)	0.731	S	s (NA)	[]
2017-05-25 04:18:40	696	1916	14	0.008	0.870	1	16	9	P213M	180	3	0.968	S	S (0.016)	0.988	S	S (0.064)	0.731	S	S (0.016)	0.996	S	S (0.125)	0.731	S	s (NA)	[]
2017-05-25 04:21:46	697	1920	14	0.008	0.870	1	16	9	P213M	180	3	0.968	S	S (0.016)	0.988	S	S (0.064)	0.731	S	S (0.016)	0.996	S	S (0.125)	0.731	S	s (NA)	[]
2017-05-25 04:22:44	699	1927	14	0.008	0.870	1	16	9	P213M	180	3	0.968	S	S (0.016)	0.988	S	S (0.064)	0.731	S	S (0.016)	0.996	S	S (0.125)	0.731	S	s (NA)	[]
2017-05-25 04:26:20	701	1934	15	0.008	0.870	1	16	9	P213M	180	3	0.968	S	S (0.016)	0.980	S	S (0.064)	0.731	S	S (0.016)	0.989	S	S (0.125)	0.731	S	s (NA)	[]
2017-05-25 04:33:48	702	1936	15	0.008	0.870	1	16	9	P213M	180	3	0.968	S	S (0.016)	0.980	S	S (0.064)	0.731	S	S (0.016)	0.989	S	S (0.125)	0.731	S	s (NA)	[]
2017-05-25 04:35:10	704	1940	15	0.008	0.870	1	16	9	P213M	180	3	0.968	S	S (0.016)	0.980	S	S (0.064)	0.731	S	S (0.016)	0.989	S	S (0.125)	0.731	S	s (NA)	[]
2017-05-25 04:36:00	706	1945	15	0.008	0.870	1	16	9	P213M	180	3	0.968	S	S (0.016)	0.979	S	S (0.064)	0.731	S	S (0.016)	0.989	S	S (0.125)	0.731	S	s (NA)	[]
2017-05-25 04:42:05	708	1951	15	0.008	0.870	1	16	9	P213M	180	3	0.968	S	S (0.016)	0.979	S	S (0.064)	0.731	S	S (0.016)	0.989	S	S (0.125)	0.731	S	s (NA)	[]
2017-05-25 04:45:25	709	1955	15	0.008	0.870	1	16	9	P213M	180	3	0.968	S	S (0.016)	0.979	S	S (0.064)	0.731	S	S (0.016)	0.989	S	S (0.125)	0.731	S	s (NA)	[]
2017-05-25 04:48:05	710	1957	15	0.008	0.870	1	16	9	P213M	180	3	0.968	S	S (0.016)	0.979	S	S (0.064)	0.731	S	S (0.016)	0.989	S	S (0.125)	0.731	S	s (NA)	[]
2017-05-25 04:49:32	711	1960	15	0.008	0.870	1	16	9	P213M	180	3	0.968	S	S (0.016)	0.979	S	S (0.064)	0.731	S	S (0.016)	0.989	S	S (0.125)	0.731	S	s (NA)	[]
2017-05-25 04:50:59	712	1963	15	0.008	0.870	1	16	9	P213M	180	3	0.968	S	S (0.016)	0.979	S	S (0.064)	0.731	S	S (0.016)	0.989	S	S (0.125)	0.731	S	s (NA)	[]
2017-05-25 04:51:42	713	1965	15	0.008	0.870	1	16	9	P213M	180	3	0.968	S	S (0.016)	0.979	S	S (0.064)	0.731	S	S (0.016)	0.989	S	S (0.125)	0.731	S	s (NA)	[]
2017-05-25 04:55:42	714	1967	15	0.008	0.870	1	16	9	P213M	180	3	0.968	S	S (0.016)	0.979	S	S (0.064)	0.731	S	S (0.016)	0.989	S	S (0.125)	0.731	S	s (NA)	[]
2017-05-25 04:59:24	715	1970	15	0.008	0.870	1	16	9	P213M	180	3	0.968	S	S (0.016)	0.979	S	S (0.064)	0.731	S	S (0.016)	0.989	S	S (0.125)	0.731	S	s (NA)	[]
2017-05-25 05:00:42	716	1972	15	0.008	0.870	1	16	9	P213M	180	3	0.968	S	S (0.016)	0.979	S	S (0.064)	0.731	S	S (0.016)	0.989	S	S (0.125)	0.731	S	s (NA)	[]
2017-05-25 05:03:40	719	1981	15	0.008	0.870	1	16	9	P213M	180	3	0.968	S	S (0.016)	0.979	S	S (0.064)	0.731	S	S (0.016)	0.989	S	S (0.125)	0.731	S	s (NA)	[]
2017-05-25 05:06:19	720	1983	15	0.008	0.870	1	16	9	P213M	180	3	0.968	S	S (0.016)	0.979	S	S (0.064)	0.731	S	S (0.016)	0.989	S	S (0.125)	0.731	S	s (NA)	[]
2017-05-25 05:06:39	721	1984	15	0.008	0.870	1	16	9	P213M	180	3	0.968	S	S (0.016)	0.979	S	S (0.064)	0.731	S	S (0.016)	0.989	S	S (0.125)	0.731	S	s (NA)	[]
2017-05-25 05:11:29	722	1986	15	0.008	0.870	1	16	9	P213M	180	3	0.968	S	S (0.016)	0.979	S	S (0.064)	0.731	S	S (0.016)	0.989	S	S (0.125)	0.731	S	s (NA)	[]
2017-05-25 05:15:55	723	1989	16	0.008	0.850	1	16	9	P213M	180	3	0.968	S	S (0.016)	0.979	S	S (0.064)	0.731	S	S (0.016)	0.989	S	S (0.125)	0.731	S	s (NA)	[]
2017-05-25 05:19:01	724	1991	16	0.008	0.850	1	16	9	P213M	180	3	0.967	S	S (0.016)	0.979	S	S (0.064)	0.731	S	S (0.016)	0.989	S	S (0.125)	0.731	S	s (NA)	[]
2017-05-25 05:20:21	725	1993	16	0.008	0.850	1	16	9	P213M	180	3	0.967	S	S (0.016)	0.979	S	S (0.064)	0.731	S	S (0.016)	0.989	S	S (0.125)	0.731	S	s (NA)	[]
2017-05-25 05:22:50	726	1996	16	0.008	0.850	1	16	9	P213M	180	3	0.967	S	S (0.016)	0.979	S	S (0.064)	0.731	S	S (0.016)	0.989	S	S (0.125)	0.731	S	s (NA)	[]
2017-05-25 05:26:41	727	1998	16	0.008	0.850	1	16	9	P213M	180	3	0.967	S	S (0.016)	0.979	S	S (0.064)	0.731	S	S (0.016)	0.989	S	S (0.125)	0.731	S	s (NA)	[]
2017-05-25 05:29:59	729	2005	16	0.008	0.850	1	16	9	P213M	180	3	0.967	S	S (0.016)	0.979	S	S (0.064)	0.731	S	S (0.016)	0.989	S	S (0.125)	0.731	S	s (NA)	[]
2017-05-25 05:32:15	730	2008	16	0.008	0.850	1	16	9	P213M	180	3	0.967	S	S (0.016)	0.979	S	S (0.064)	0.731	S	S (0.016)	0.989	S	S (0.125)	0.731	S	s (NA)	[]
2017-05-25 05:33:52	731	2010	16	0.008	0.850	1	16	9	P213M	180	3	0.967	S	S (0.016)	0.979	S	S (0.064)	0.731	S	S (0.016)	0.989	S	S (0.125)	0.731	S	s (NA)	[]
2017-05-25 05:35:07	733	2014	16	0.008	0.850	1	16	9	P213M	180	3	0.967	S	S (0.016)	0.979	S	S (0.064)	0.731	S	S (0.016)	0.989	S	S (0.125)	0.731	S	s (NA)	[]
2017-05-25 05:35:41	734	2018	16	0.008	0.850	1	16	9	P213M	180	3	0.967	S	S (0.016)	0.979	S	S (0.064)	0.731	S	S (0.016)	0.989	S	S (0.125)	0.731	S	s (NA)	[]
2017-05-25 05:39:12	736	2023	16	0.008	0.844	1	16	9	P213M	180	3	0.967	S	S (0.016)	0.979	S	S (0.064)	0.731	S	S (0.016)	0.989	S	S (0.125)	0.731	S	s (NA)	[]
2017-05-25 05:41:40	737	2026	16	0.008	0.844	1	16	9	P213M	180	3	0.967	S	S (0.016)	0.979	S	S (0.064)	0.731	S	S (0.016)	0.989	S	S (0.125)	0.731	S	s (NA)	[]
2017-05-25 05:46:06	738	2029	16	0.008	0.844	1	16	9	P213M	180	3	0.967	S	S (0.016)	0.979	S	S (0.064)	0.731	S	S (0.016)	0.989	S	S (0.125)	0.731	S	s (NA)	[]
2017-05-25 05:47:57	739	2032	16	0.008	0.844	1	16	9	P213M	180	3	0.967	S	S (0.016)	0.979	S	S (0.064)	0.731	S	S (0.016)	0.989	S	S (0.125)	0.731	S	s (NA)	[]
2017-05-25 05:51:34	741	2037	16	0.008	0.844	1	16	9	P213M	180	3	0.967	S	S (0.016)	0.979	S	S (0.064)	0.731	S	S (0.016)	0.989	S	S (0.125)	0.731	S	s (NA)	[]
2017-05-25 05:53:41	742	2041	16	0.008	0.844	1	16	9	P213M	180	3	0.967	S	S (0.016)	0.979	S	S (0.064)	0.731	S	S (0.016)	0.989	S	S (0.125)	0.731	S	s (NA)	[]
2017-05-25 06:03:05	743	2044	16	0.008	0.844	1	16	9	P213M	180	3	0.967	S	S (0.016)	0.979	S	S (0.064)	0.731	S	S (0.016)	0.989	S	S (0.125)	0.731	S	s (NA)	[]
2017-05-25 06:03:44	744	2046	16	0.008	0.844	1	16	9	P213M	180	3	0.967	S	S (0.016)	0.979	S	S (0.064)	0.731	S	S (0.016)	0.989	S	S (0.125)	0.731	S	s (NA)	[]
2017-05-25 06:04:43	745	2049	16	0.008	0.844	1	16	9	P213M	180	3	0.967	S	S (0.016)	0.979	S	S (0.064)	0.731	S	S (0.016)	0.989	S	S (0.125)	0.731	S	s (NA)	[]
2017-05-25 06:14:18	746	2051	16	0.008	0.844	1	16	9	P213M	180	3	0.967	S	S (0.016)	0.979	S	S (0.064)	0.731	S	S (0.016)	0.989	S	S (0.125)	0.731	S	s (NA)	[]
2017-05-25 06:15:31	747	2054	16	0.008	0.844	1	16	9	P213M	180	3	0.967	S	S (0.016)	0.979	S	S (0.064)	0.731	S	S (0.016)	0.989	S	S (0.125)	0.731	S	s (NA)	[]
2017-05-25 06:16:26	748	2061	16	0.008	0.844	1	16	9	P213M	180	3	0.967	S	S (0.016)	0.979	S	S (0.064)	0.731	S	S (0.016)	0.989	S	S (0.125)	0.731	S	s (NA)	[]
2017-05-25 06:17:03	749	2064	16	0.008	0.844	1	16	9	P213M	180	3	0.967	S	S (0.016)	0.979	S	S (0.064)	0.731	S	S (0.016)	0.989	S	S (0.125)	0.731	S	s (NA)	[]
2017-05-25 06:18:28	750	2068	16	0.008	0.844	1	16	9	P213M	180	3	0.967	S	S (0.016)	0.979	S	S (0.064)	0.731	S	S (0.016)	0.989	S	S (0.125)	0.731	S	s (NA)	[]
2017-05-25 06:18:54	751	2070	16	0.008	0.844	1	16	9	P213M	180	3	0.967	S	S (0.016)	0.979	S	S (0.064)	0.731	S	S (0.016)	0.989	S	S (0.125)	0.731	S	s (NA)	[]
2017-05-25 06:19:48	752	2074	16	0.008	0.844	1	16	9	P213M	180	3	0.967	S	S (0.016)	0.979	S	S (0.064)	0.731	S	S (0.016)	0.989	S	S (0.125)	0.731	S	s (NA)	[]
2017-05-25 06:20:38	753	2077	16	0.008	0.844	1	16	9	P213M	180	3	0.967	S	S (0.016)	0.979	S	S (0.064)	0.730	S	S (0.016)	0.989	S	S (0.125)	0.730	S	s (NA)	[]
2017-05-25 06:21:50	754	2079	16	0.008	0.844	1	16	9	P213M	180	3	0.967	S	S (0.016)	0.979	S	S (0.064)	0.730	S	S (0.016)	0.989	S	S (0.125)	0.730	S	s (NA)	[]
2017-05-25 06:23:59	755	2083	16	0.008	0.844	1	16	9	P213M	180	3	0.967	S	S (0.016)	0.979	S	S (0.064)	0.730	S	S (0.016)	0.989	S	S (0.125)	0.730	S	s (NA)	[]
2017-05-25 06:26:53	757	2089	16	0.007	0.844	1	16	9	P213M	180	3	0.967	S	S (0.016)	0.979	S	S (0.064)	0.730	S	S (0.016)	0.989	S	S (0.125)	0.730	S	s (NA)	[]
2017-05-25 06:37:33	758	2092	16	0.007	0.844	1	16	9	P213M	180	3	0.967	S	S (0.016)	0.979	S	S (0.064)	0.730	S	S (0.016)	0.989	S	S (0.125)	0.730	S	s (NA)	[]
2017-05-25 06:39:37	759	2095	16	0.007	0.844	1	16	9	P213M	180	3	0.967	S	S (0.016)	0.979	S	S (0.064)	0.730	S	S (0.016)	0.989	S	S (0.125)	0.730	S	s (NA)	[]
2017-05-25 06:44:59	760	2098	16	0.007	0.844	1	16	9	P213M	180	3	0.967	S	S (0.016)	0.979	S	S (0.064)	0.730	S	S (0.016)	0.989	S	S (0.125)	0.730	S	s (NA)	[]
2017-05-25 06:47:04	761	2102	16	0.008	0.844	1	16	9	P213M	180	3	0.967	S	S (0.016)	0.979	S	S (0.064)	0.730	S	S (0.016)	0.989	S	S (0.125)	0.730	S	s (NA)	[]
2017-05-25 06:48:35	762	2106	16	0.008	0.844	1	16	9	P213M	180	3	0.967	S	S (0.016)	0.979	S	S (0.064)	0.730	S	S (0.016)	0.989	S	S (0.125)	0.730	S	s (NA)	[]
2017-05-25 06:54:44	764	2111	16	0.008	0.844	1	16	9	P213M	180	3	0.967	S	S (0.016)	0.979	S	S (0.064)	0.730	S	S (0.016)	0.989	S	S (0.125)	0.730	S	s (NA)	[]
2017-05-25 06:56:28	765	2113	16	0.008	0.844	1	16	9	P213M	180	3	0.967	S	S (0.016)	0.979	S	S (0.064)	0.730	S	S (0.016)	0.989	S	S (0.125)	0.730	S	s (NA)	[]
2017-05-25 07:03:22	766	2117	16	0.008	0.844	1	16	9	P213M	180	3	0.967	S	S (0.016)	0.979	S	S (0.064)	0.730	S	S (0.016)	0.989	S	S (0.125)	0.730	S	s (NA)	[]
2017-05-25 07:04:08	767	2120	17	0.008	0.412	0	16	7	P213M	180	3	0.967	S	S (0.016)	0.979	S	S (0.064)	0.730	S	S (0.016)	0.989	S	S (0.125)	0.730	S	s (NA)	[]
2017-05-25 07:05:28	768	2124	17	0.008	0.412	0	16	7	P213M	180	3	0.967	S	S (0.016)	0.979	S	S (0.064)	0.730	S	S (0.016)	0.989	S	S (0.125)	0.730	S	s (NA)	[]
2017-05-25 07:08:43	769	2127	17	0.008	0.412	0	16	7	P213M	180	3	0.967	S	S (0.016)	0.979	S	S (0.064)	0.730	S	S (0.016)	0.989	S	S (0.125)	0.730	S	s (NA)	[]
2017-05-25 07:10:57	770	2130	17	0.008	0.412	0	16	7	P213M	180	3	0.967	S	S (0.016)	0.979	S	S (0.064)	0.730	S	S (0.016)	0.989	S	S (0.125)	0.730	S	s (NA)	[]
2017-05-25 07:15:51	771	2131	17	0.008	0.412	0	16	7	P213M	180	3	0.967	S	S (0.016)	0.979	S	S (0.064)	0.730	S	S (0.016)	0.989	S	S (0.125)	0.730	S	s (NA)	[]
2017-05-25 07:18:19	772	2135	17	0.008	0.412	0	16	7	P213M	180	3	0.967	S	S (0.016)	0.979	S	S (0.064)	0.730	S	S (0.016)	0.989	S	S (0.125)	0.730	S	s (NA)	[]
2017-05-25 07:18:42	773	2136	17	0.008	0.412	0	16	7	P213M	180	3	0.967	S	S (0.016)	0.979	S	S (0.064)	0.730	S	S (0.016)	0.989	S	S (0.125)	0.730	S	s (NA)	[]
2017-05-25 07:20:23	774	2139	17	0.008	0.412	0	16	7	P213M	180	3	0.967	S	S (0.016)	0.979	S	S (0.064)	0.730	S	S (0.016)	0.989	S	S (0.125)	0.730	S	s (NA)	[]
2017-05-25 07:20:48	775	2142	17	0.008	0.412	0	16	7	P213M	180	3	0.967	S	S (0.016)	0.979	S	S (0.064)	0.730	S	S (0.016)	0.989	S	S (0.125)	0.730	S	s (NA)	[]
2017-05-25 07:28:06	776	2144	17	0.008	0.412	0	16	7	P213M	180	3	0.967	S	S (0.016)	0.979	S	S (0.064)	0.730	S	S (0.016)	0.989	S	S (0.125)	0.730	S	s (NA)	[]
2017-05-25 07:32:18	777	2147	17	0.008	0.412	0	16	7	P213M	180	3	0.967	S	S (0.016)	0.979	S	S (0.064)	0.730	S	S (0.016)	0.989	S	S (0.125)	0.730	S	s (NA)	[]
2017-05-25 07:36:36	778	2149	17	0.008	0.412	0	16	7	P213M	180	3	0.967	S	S (0.016)	0.979	S	S (0.064)	0.730	S	S (0.016)	0.989	S	S (0.125)	0.730	S	s (NA)	[]
2017-05-25 07:37:49	779	2152	17	0.008	0.412	0	16	7	P213M	180	3	0.967	S	S (0.016)	0.979	S	S (0.064)	0.730	S	S (0.016)	0.989	S	S (0.125)	0.730	S	s (NA)	[]
2017-05-25 07:38:55	780	2154	17	0.008	0.412	0	16	7	P213M	180	3	0.967	S	S (0.016)	0.979	S	S (0.064)	0.730	S	S (0.016)	0.989	S	S (0.125)	0.730	S	s (NA)	[]
2017-05-25 07:47:20	781	2157	17	0.008	0.412	0	16	7	P213M	180	3	0.967	S	S (0.016)	0.979	S	S (0.064)	0.730	S	S (0.016)	0.989	S	S (0.125)	0.730	S	s (NA)	[]
2017-05-25 07:47:41	782	2160	17	0.008	0.412	0	16	7	P213M	180	3	0.967	S	S (0.016)	0.979	S	S (0.064)	0.730	S	S (0.016)	0.989	S	S (0.125)	0.730	S	s (NA)	[]
