datetime	read count	read len	used bases	PG1	PG1_meas	PG2	PG2_meas	taxid	serotype	ST	PG_score	PEN_cat	PEN_susc_score	CRO_cat	CRO_susc_score	TMP_cat	TMP_susc_score	ERY_cat	ERY_susc_score	TET_cat	TET_susc_score	flags
2017-05-24 13:53:32	0	0	0	NA	0	NA	0	NA	NA	NA	0	NA	0	NA	0.0	NA	0	NA	0	NA	0	[]
2017-05-24 13:54:32	4	11396	106	16	0	13	0	065645	3	180	0.0	S	1.0	S	1.0	S	1.0	S	1.0	S	1.0	[D:PG1, D:serotype, D:ST, S:PEN_cat, D:PEN_cat, S:CRO_cat, D:CRO_cat, D:TMP_cat, D:ERY_cat, S:TET_cat, D:TET_cat]
2017-05-24 13:55:32	5	17641	162	13	1	16	0	CM917	6C	473	0.05600000000000005	S	0.903	S	0.903	S	1.0	S	0.903	S	0.903	[L:PG1, L:serotype, L:ST]
2017-05-24 13:56:32	7	24364	237	16	2	13	1	302649	6A	146	0.5720000000000001	S	0.864	S	0.864	R	0.195	R	0.195	S	0.972	[D:PG1, L:TMP_cat, L:ERY_cat]
2017-05-24 13:58:32	8	26942	255	16	2	5	1	302649	6A	146	0.3460000000000001	S	0.864	S	0.864	R	0.195	R	0.195	S	0.972	[]
2017-05-24 14:00:32	10	30325	273	16	2	5	1	302649	6A	146	0.3460000000000001	S	0.864	S	0.864	R	0.195	R	0.195	S	0.972	[]
2017-05-24 14:01:32	12	36066	352	2	7	16	2	8G3XE	11D	62	0.546	S	1.0	S	1.0	S	1.0	S	1.0	S	1.0	[L:PG1, S:TMP_cat, D:TMP_cat, S:ERY_cat, D:ERY_cat]
2017-05-24 14:02:32	13	39083	352	2	7	16	2	8G3XE	11D	62	0.546	S	1.0	S	1.0	S	1.0	S	1.0	S	1.0	[]
2017-05-24 14:03:32	14	41910	371	2	7	16	2	8G3XE	11D	62	0.546	S	1.0	S	1.0	S	1.0	S	1.0	S	1.0	[]
2017-05-24 14:04:32	15	44142	410	2	7	16	2	8G3XE	11D	62	0.538	S	1.0	S	1.0	S	1.0	S	1.0	S	1.0	[]
2017-05-24 14:05:32	18	53120	543	9	16	2	7	R34-3029	23F	36	0.3859999999999999	S	0.984	S	1.0	S	1.0	S	1.0	S	1.0	[]
2017-05-24 14:07:32	20	55327	579	9	16	2	7	R34-3029	23F	36	0.3859999999999999	S	0.984	S	1.0	S	1.0	S	1.0	S	1.0	[]
2017-05-24 14:08:32	21	58648	616	9	16	2	7	R34-3029	23F	36	0.3859999999999999	S	0.984	S	1.0	S	1.0	S	1.0	S	1.0	[]
2017-05-24 14:09:32	23	64568	675	9	16	2	7	R34-3029	23F	36	0.3899999999999999	S	0.976	S	0.992	S	0.992	S	0.992	S	1.0	[]
2017-05-24 14:11:32	24	68097	675	9	16	2	7	R34-3029	23F	36	0.3899999999999999	S	0.976	S	0.992	S	0.992	S	0.992	S	1.0	[]
2017-05-24 14:12:32	27	76871	694	9	16	2	7	R34-3029	23F	36	0.3899999999999999	S	0.976	S	0.992	S	0.992	S	0.992	S	1.0	[]
2017-05-24 14:13:32	30	85377	805	9	16	2	7	R34-3029	23F	36	0.3899999999999999	S	0.976	S	0.992	S	0.992	S	0.992	S	1.0	[]
2017-05-24 14:14:32	33	92323	860	9	16	2	7	R34-3029	23F	36	0.3899999999999999	S	0.976	S	0.992	S	0.992	S	0.992	S	1.0	[]
2017-05-24 14:15:32	36	99915	918	9	16	2	7	R34-3029	23F	36	0.3899999999999999	S	0.976	S	0.992	S	0.992	S	0.992	S	1.0	[]
2017-05-24 14:17:32	38	104710	1007	9	16	2	7	R34-3029	23F	36	0.3899999999999999	S	0.976	S	0.992	S	0.992	S	0.992	S	1.0	[]
2017-05-24 14:18:32	42	115739	3368	16	1106	9	16	P213M	3	180	0.972	S	0.998	S	0.998	S	0.998	S	0.998	S	0.998	[S:PG1, D:PG1, S:taxid, D:taxid, S:serotype, D:serotype, S:ST, D:ST]
2017-05-24 14:19:32	43	118963	3368	16	1106	9	16	P213M	3	180	0.972	S	0.998	S	0.998	S	0.998	S	0.998	S	0.998	[]
2017-05-24 14:21:32	45	122698	3386	16	1106	9	16	P213M	3	180	0.972	S	0.998	S	0.998	S	0.998	S	0.998	S	0.998	[]
2017-05-24 14:22:32	47	128388	3422	16	1106	9	16	P213M	3	180	0.972	S	0.998	S	0.998	S	0.998	S	0.998	S	0.998	[]
2017-05-24 14:23:32	48	129891	3422	16	1106	9	16	P213M	3	180	0.972	S	0.998	S	0.998	S	0.998	S	0.998	S	0.998	[]
2017-05-24 14:25:32	49	132416	3460	16	1106	9	16	P213M	3	180	0.972	S	0.998	S	0.998	S	0.998	S	0.998	S	0.998	[]
2017-05-24 14:26:32	50	135455	3478	16	1106	9	16	P213M	3	180	0.972	S	0.998	S	0.998	S	0.998	S	0.998	S	0.998	[]
2017-05-24 14:27:32	52	140619	3496	16	1106	9	16	P213M	3	180	0.972	S	0.998	S	0.998	S	0.998	S	0.998	S	0.998	[]
2017-05-24 14:28:32	55	149301	3552	16	1106	9	16	P213M	3	180	0.972	S	0.998	S	0.998	S	0.998	S	0.998	S	0.998	[]
2017-05-24 14:29:32	57	155032	3588	16	1106	9	16	P213M	3	180	0.972	S	0.998	S	0.998	S	0.998	S	0.998	S	0.998	[]
2017-05-24 14:30:32	59	160385	3618	16	1106	9	16	P213M	3	180	0.972	S	0.998	S	0.998	S	0.998	S	0.998	S	0.998	[]
2017-05-24 14:31:32	60	163090	3644	16	1106	9	16	P213M	3	180	0.972	S	0.998	S	0.998	S	0.998	S	0.998	S	0.998	[]
2017-05-24 14:33:32	62	170488	3817	16	1106	9	16	P213M	3	180	0.972	S	0.998	S	0.998	S	0.998	S	0.998	S	0.998	[]
2017-05-24 14:34:32	63	173288	3873	16	1106	9	16	P213M	3	180	0.972	S	0.998	S	0.998	S	0.998	S	0.998	S	0.998	[]
2017-05-24 14:36:32	66	179095	3927	16	1106	9	16	P213M	3	180	0.972	S	0.998	S	0.998	S	0.998	S	0.998	S	0.998	[]
2017-05-24 14:37:32	67	182878	3991	16	1106	9	16	P213M	3	180	0.972	S	0.998	S	0.998	S	0.998	S	0.998	S	0.998	[]
2017-05-24 14:38:32	68	185695	4046	16	1106	9	16	P213M	3	180	0.972	S	0.998	S	0.998	S	0.998	S	0.998	S	0.998	[]
2017-05-24 14:39:32	69	189187	4082	16	1106	9	16	P213M	3	180	0.972	S	0.998	S	0.998	S	0.998	S	0.998	S	0.998	[]
2017-05-24 14:40:32	72	196798	4122	16	1106	9	16	P213M	3	180	0.972	S	0.998	S	0.998	S	0.998	S	0.998	S	0.998	[]
2017-05-24 14:41:32	74	205255	4198	16	1106	9	16	P213M	3	180	0.972	S	0.998	S	0.998	S	0.998	S	0.998	S	0.998	[]
2017-05-24 14:42:32	77	215833	4312	16	1106	9	16	P213M	3	180	0.972	S	0.998	S	0.998	S	0.998	S	0.998	S	0.998	[]
2017-05-24 14:44:32	79	222811	4330	16	1106	9	16	P213M	3	180	0.972	S	0.998	S	0.998	S	0.998	S	0.998	S	0.998	[]
2017-05-24 14:45:32	81	228647	4369	16	1106	9	16	P213M	3	180	0.972	S	0.998	S	0.998	S	0.998	S	0.998	S	0.998	[]
2017-05-24 14:46:32	82	231667	4387	16	1106	9	16	P213M	3	180	0.972	S	0.998	S	0.998	S	0.998	S	0.998	S	0.998	[]
2017-05-24 14:47:32	83	234636	4423	16	1106	9	16	P213M	3	180	0.972	S	0.998	S	0.998	S	0.998	S	0.998	S	0.998	[]
2017-05-24 14:49:32	86	244549	4477	16	1106	9	16	P213M	3	180	0.972	S	0.998	S	0.998	S	0.998	S	0.998	S	0.998	[]
2017-05-24 14:50:32	87	246658	4495	16	1106	9	16	P213M	3	180	0.972	S	0.998	S	0.998	S	0.998	S	0.998	S	0.998	[]
2017-05-24 14:51:32	88	250161	4532	16	1106	9	16	P213M	3	180	0.972	S	0.998	S	0.998	S	0.998	S	0.998	S	0.998	[]
2017-05-24 14:52:32	91	256236	4568	16	1106	9	16	P213M	3	180	0.972	S	0.998	S	0.998	S	0.998	S	0.998	S	0.998	[]
2017-05-24 14:53:32	93	262681	6549	16	1106	9	16	P213M	3	180	0.972	S	0.998	S	0.998	S	0.998	S	0.998	S	0.998	[]
2017-05-24 14:54:32	94	265638	6604	16	1106	9	16	P213M	3	180	0.972	S	0.998	S	0.998	S	0.998	S	0.998	S	0.998	[]
2017-05-24 14:55:32	95	269203	6642	16	1106	9	16	P213M	3	180	0.972	S	0.998	S	0.998	S	0.998	S	0.998	S	0.998	[]
2017-05-24 14:56:32	97	274703	6680	16	1106	9	16	P213M	3	180	0.972	S	0.998	S	0.998	S	0.998	S	0.998	S	0.998	[]
2017-05-24 14:57:32	98	276509	6719	16	1106	9	16	P213M	3	180	0.972	S	0.998	S	0.998	S	0.998	S	0.998	S	0.998	[]
2017-05-24 14:58:32	100	282663	6755	16	1106	9	16	P213M	3	180	0.972	S	0.998	S	0.998	S	0.998	S	0.998	S	0.998	[]
2017-05-24 14:59:32	101	285775	6817	16	1106	9	16	P213M	3	180	0.97	S	0.998	S	0.998	S	0.998	S	0.998	S	0.998	[]
2017-05-24 15:00:32	102	289496	6817	16	1106	9	16	P213M	3	180	0.97	S	0.998	S	0.998	S	0.998	S	0.998	S	0.998	[]
2017-05-24 15:01:32	103	292409	6874	16	1106	9	16	P213M	3	180	0.97	S	0.998	S	0.998	S	0.998	S	0.998	S	0.998	[]
2017-05-24 15:02:32	104	295326	6874	16	1106	9	16	P213M	3	180	0.97	S	0.998	S	0.998	S	0.998	S	0.998	S	0.998	[]
2017-05-24 15:03:32	106	301620	6991	16	1106	9	27	P213M	3	180	0.952	S	0.994	S	0.998	S	0.998	S	0.994	S	0.994	[]
2017-05-24 15:04:32	108	307504	8752	16	1106	9	27	P213M	3	180	0.952	S	0.994	S	0.998	S	0.998	S	0.994	S	0.994	[]
2017-05-24 15:05:32	110	312453	8807	16	1106	9	27	P213M	3	180	0.952	S	0.994	S	0.998	S	0.998	S	0.994	S	0.994	[]
2017-05-24 15:06:32	111	313919	8826	16	1106	9	27	P213M	3	180	0.952	S	0.994	S	0.998	S	0.998	S	0.994	S	0.994	[]
2017-05-24 15:08:32	113	319815	8881	16	1106	9	27	P213M	3	180	0.952	S	0.994	S	0.998	S	0.998	S	0.994	S	0.994	[]
2017-05-24 15:09:32	114	322635	8881	16	1106	9	27	P213M	3	180	0.952	S	0.994	S	0.998	S	0.998	S	0.994	S	0.994	[]
2017-05-24 15:14:32	116	327011	8899	16	1106	9	27	P213M	3	180	0.952	S	0.994	S	0.998	S	0.998	S	0.994	S	0.994	[]
2017-05-24 15:15:32	117	330619	9006	16	1106	9	27	P213M	3	180	0.952	S	0.994	S	0.998	S	0.998	S	0.994	S	0.994	[]
2017-05-24 15:16:32	118	333318	9006	16	1106	9	27	P213M	3	180	0.952	S	0.994	S	0.998	S	0.998	S	0.994	S	0.994	[]
2017-05-24 15:18:32	119	336616	9061	16	1106	9	27	P213M	3	180	0.952	S	0.994	S	0.998	S	0.998	S	0.994	S	0.994	[]
2017-05-24 15:19:32	120	338696	9080	16	1106	9	27	P213M	3	180	0.952	S	0.994	S	0.998	S	0.998	S	0.994	S	0.994	[]
2017-05-24 15:22:32	122	342505	9547	16	1106	9	27	P213M	3	180	0.952	S	0.994	S	0.998	S	0.998	S	0.994	S	0.994	[]
2017-05-24 15:25:32	124	347741	10657	16	1106	9	27	P213M	3	180	0.952	S	0.695	S	0.998	S	0.998	S	0.994	S	0.695	[]
2017-05-24 15:26:32	125	350592	10676	16	1106	9	27	P213M	3	180	0.952	S	0.695	S	0.998	S	0.998	S	0.994	S	0.695	[]
2017-05-24 15:27:32	127	354704	10712	16	1106	9	27	P213M	3	180	0.952	S	0.695	S	0.998	S	0.998	S	0.994	S	0.695	[]
2017-05-24 15:28:32	128	359077	10712	16	1106	9	27	P213M	3	180	0.952	S	0.695	S	0.998	S	0.998	S	0.994	S	0.695	[]
2017-05-24 15:29:32	129	361130	10712	16	1106	9	27	P213M	3	180	0.952	S	0.695	S	0.998	S	0.998	S	0.994	S	0.695	[]
2017-05-24 15:30:32	130	363477	10712	16	1106	9	27	P213M	3	180	0.952	S	0.695	S	0.998	S	0.998	S	0.994	S	0.695	[]
2017-05-24 15:33:32	132	365428	10750	16	1106	9	27	P213M	3	180	0.952	S	0.695	S	0.998	S	0.998	S	0.994	S	0.695	[]
2017-05-24 15:34:32	136	377050	10877	16	1106	9	27	P213M	3	180	0.952	S	0.695	S	0.998	S	0.998	S	0.994	S	0.695	[]
2017-05-24 15:35:32	137	379616	10896	16	1106	9	27	P213M	3	180	0.952	S	0.695	S	0.998	S	0.998	S	0.994	S	0.695	[]
2017-05-24 15:36:32	139	383123	10951	16	1106	9	27	P213M	3	180	0.952	S	0.695	S	0.998	S	0.998	S	0.994	S	0.695	[]
2017-05-24 15:37:32	140	386887	10971	16	1106	9	27	P213M	3	180	0.952	S	0.695	S	0.998	S	0.998	S	0.994	S	0.695	[]
2017-05-24 15:39:32	141	392490	11025	16	1106	9	27	P213M	3	180	0.952	S	0.695	S	0.998	S	0.998	S	0.994	S	0.695	[]
2017-05-24 15:40:32	142	394615	11150	16	1106	9	27	P213M	3	180	0.952	S	0.695	S	0.998	S	0.998	S	0.994	S	0.695	[]
2017-05-24 15:41:32	144	399507	11222	16	1106	9	27	P213M	3	180	0.952	S	0.695	S	0.998	S	0.998	S	0.994	S	0.695	[]
2017-05-24 15:42:32	146	405143	11296	16	1106	9	27	P213M	3	180	0.952	S	0.695	S	0.998	S	0.998	S	0.994	S	0.695	[]
2017-05-24 15:43:32	150	419723	11386	16	1106	9	27	P213M	3	180	0.952	S	0.695	S	0.998	S	0.998	S	0.994	S	0.695	[]
2017-05-24 15:44:32	151	423368	11481	16	1106	9	27	P213M	3	180	0.952	S	0.695	S	0.991	S	0.998	S	0.991	S	0.695	[]
2017-05-24 15:45:32	152	426878	11500	16	1106	9	27	P213M	3	180	0.952	S	0.695	S	0.991	S	0.998	S	0.991	S	0.695	[]
2017-05-24 15:46:32	154	435152	11577	16	1106	9	27	P213M	3	180	0.952	S	0.695	S	0.991	S	0.998	S	0.991	S	0.695	[]
2017-05-24 15:47:32	155	436270	11614	16	1106	9	27	P213M	3	180	0.952	S	0.695	S	0.991	S	0.998	S	0.991	S	0.695	[]
2017-05-24 15:49:32	158	442375	11727	16	1106	9	27	P213M	3	180	0.952	S	0.695	S	0.991	S	0.998	S	0.991	S	0.695	[]
2017-05-24 15:51:32	159	445672	11727	16	1106	9	27	P213M	3	180	0.952	S	0.695	S	0.991	S	0.998	S	0.991	S	0.695	[]
2017-05-24 15:53:32	160	448603	11746	16	1106	9	27	P213M	3	180	0.952	S	0.695	S	0.991	S	0.998	S	0.991	S	0.695	[]
2017-05-24 15:55:32	161	451333	12086	16	1106	9	27	P213M	3	180	0.952	S	0.695	S	0.991	S	0.998	S	0.991	S	0.695	[]
2017-05-24 15:57:32	163	457122	12161	16	1106	9	27	P213M	3	180	0.952	S	0.695	S	0.991	S	0.998	S	0.991	S	0.695	[]
2017-05-24 15:58:32	164	459468	12182	16	1106	9	27	P213M	3	180	0.952	S	0.695	S	0.991	S	0.998	S	0.991	S	0.695	[]
2017-05-24 15:59:32	166	464260	12219	16	1106	9	27	P213M	3	180	0.952	S	0.695	S	0.991	S	0.998	S	0.991	S	0.695	[]
2017-05-24 16:00:32	168	470302	12273	16	1106	9	27	P213M	3	180	0.952	S	0.695	S	0.991	S	0.998	S	0.991	S	0.695	[]
2017-05-24 16:01:32	169	472948	12273	16	1106	9	27	P213M	3	180	0.952	S	0.695	S	0.991	S	0.998	S	0.991	S	0.695	[]
2017-05-24 16:02:32	170	475967	12291	16	1106	9	27	P213M	3	180	0.952	S	0.695	S	0.991	S	0.998	S	0.991	S	0.695	[]
2017-05-24 16:03:32	171	479611	12369	16	1106	9	27	P213M	3	180	0.952	S	0.695	S	0.991	S	0.998	S	0.991	S	0.695	[]
2017-05-24 16:04:32	171	481525	12387	16	1106	9	27	P213M	3	180	0.952	S	0.695	S	0.991	S	0.998	S	0.991	S	0.695	[]
2017-05-24 16:05:32	175	489980	12445	16	1106	9	27	P213M	3	180	0.952	S	0.695	S	0.991	S	0.998	S	0.991	S	0.695	[]
2017-05-24 16:06:32	176	494171	12466	16	1106	9	27	P213M	3	180	0.952	S	0.695	S	0.991	S	0.998	S	0.991	S	0.695	[]
2017-05-24 16:07:32	177	496338	12466	16	1106	9	27	P213M	3	180	0.952	S	0.695	S	0.991	S	0.998	S	0.991	S	0.695	[]
2017-05-24 16:12:32	179	502284	12502	16	1106	9	27	P213M	3	180	0.952	S	0.695	S	0.991	S	0.998	S	0.991	S	0.695	[]
2017-05-24 16:13:32	183	510334	12614	16	1106	9	27	P213M	3	180	0.952	S	0.695	S	0.991	S	0.998	S	0.991	S	0.695	[]
2017-05-24 16:14:32	184	511627	12614	16	1106	9	27	P213M	3	180	0.952	S	0.695	S	0.991	S	0.998	S	0.991	S	0.695	[]
2017-05-24 16:15:32	185	516357	12614	16	1106	9	27	P213M	3	180	0.952	S	0.695	S	0.991	S	0.998	S	0.991	S	0.695	[]
2017-05-24 16:16:32	187	520291	12651	16	1106	9	27	P213M	3	180	0.952	S	0.695	S	0.991	S	0.998	S	0.991	S	0.695	[]
2017-05-24 16:17:32	187	524284	12670	16	1106	9	27	P213M	3	180	0.952	S	0.695	S	0.991	S	0.998	S	0.991	S	0.695	[]
2017-05-24 16:18:32	188	526727	12706	16	1106	9	27	P213M	3	180	0.952	S	0.695	S	0.991	S	0.998	S	0.991	S	0.695	[]
2017-05-24 16:19:32	191	533132	13573	16	1136	9	27	P213M	3	180	0.952	S	0.701	S	0.991	S	0.998	S	0.991	S	0.701	[]
2017-05-24 16:20:32	194	541147	13628	16	1136	9	27	P213M	3	180	0.952	S	0.701	S	0.991	S	0.998	S	0.991	S	0.701	[]
2017-05-24 16:21:32	197	548257	13684	16	1136	9	27	P213M	3	180	0.952	S	0.701	S	0.991	S	0.998	S	0.991	S	0.701	[]
2017-05-24 16:22:32	199	553735	13721	16	1136	9	27	P213M	3	180	0.952	S	0.701	S	0.991	S	0.998	S	0.991	S	0.701	[]
2017-05-24 16:23:32	201	558356	14686	16	1136	9	27	P213M	3	180	0.952	S	0.701	S	0.991	S	0.998	S	0.991	S	0.701	[]
2017-05-24 16:24:32	202	561722	14729	16	1136	9	30	P213M	3	180	0.948	S	0.701	S	0.991	S	0.998	S	0.991	S	0.701	[]
2017-05-24 16:25:32	203	564974	14785	16	1136	9	30	P213M	3	180	0.948	S	0.701	S	0.991	S	0.998	S	0.991	S	0.701	[]
2017-05-24 16:29:32	204	567957	14785	16	1136	9	30	P213M	3	180	0.948	S	0.701	S	0.991	S	0.998	S	0.991	S	0.701	[]
2017-05-24 16:30:32	207	574853	14841	16	1136	9	30	P213M	3	180	0.948	S	0.701	S	0.991	S	0.998	S	0.991	S	0.701	[]
2017-05-24 16:34:32	208	583363	14859	16	1136	9	30	P213M	3	180	0.948	S	0.701	S	0.991	S	0.998	S	0.991	S	0.701	[]
2017-05-24 16:35:32	210	590285	14914	16	1136	9	30	P213M	3	180	0.948	S	0.701	S	0.991	S	0.998	S	0.991	S	0.701	[]
2017-05-24 16:36:32	212	592967	14950	16	1136	9	30	P213M	3	180	0.948	S	0.701	S	0.991	S	0.998	S	0.991	S	0.701	[]
2017-05-24 16:38:32	213	595546	14968	16	1136	9	30	P213M	3	180	0.948	S	0.701	S	0.991	S	0.998	S	0.991	S	0.701	[]
2017-05-24 16:40:32	214	596406	14968	16	1136	9	30	P213M	3	180	0.948	S	0.701	S	0.991	S	0.998	S	0.991	S	0.701	[]
2017-05-24 16:42:32	216	603434	15004	16	1136	9	30	P213M	3	180	0.948	S	0.701	S	0.991	S	0.998	S	0.991	S	0.701	[]
2017-05-24 16:43:32	218	610900	15023	16	1136	9	30	P213M	3	180	0.948	S	0.701	S	0.991	S	0.998	S	0.991	S	0.701	[]
2017-05-24 16:44:32	219	613415	15605	16	1136	9	30	P213M	3	180	0.948	S	0.701	S	0.991	S	0.998	S	0.991	S	0.701	[]
2017-05-24 16:45:32	221	620113	15680	16	1136	9	30	P213M	3	180	0.948	S	0.701	S	0.991	S	0.998	S	0.991	S	0.701	[]
2017-05-24 16:46:32	223	626674	15735	16	1136	9	30	P213M	3	180	0.948	S	0.701	S	0.991	S	0.998	S	0.991	S	0.701	[]
2017-05-24 16:48:32	224	628113	15771	16	1136	9	30	P213M	3	180	0.948	S	0.701	S	0.991	S	0.998	S	0.991	S	0.701	[]
2017-05-24 16:53:32	225	630300	15809	16	1136	9	30	P213M	3	180	0.948	S	0.701	S	0.991	S	0.998	S	0.991	S	0.701	[]
2017-05-24 16:55:32	226	633400	15845	16	1136	9	30	P213M	3	180	0.948	S	0.701	S	0.991	S	0.998	S	0.991	S	0.701	[]
2017-05-24 16:57:32	227	635909	15906	16	1136	9	30	P213M	3	180	0.948	S	0.701	S	0.991	S	0.998	S	0.991	S	0.701	[]
2017-05-24 16:58:32	228	638462	15906	16	1136	9	30	P213M	3	180	0.948	S	0.701	S	0.991	S	0.998	S	0.991	S	0.701	[]
2017-05-24 16:59:32	230	642564	15925	16	1136	9	30	P213M	3	180	0.948	S	0.701	S	0.991	S	0.998	S	0.991	S	0.701	[]
2017-05-24 17:01:32	232	649840	16213	16	1136	9	30	P213M	3	180	0.948	S	0.701	S	0.991	S	0.998	S	0.991	S	0.701	[]
2017-05-24 17:02:32	234	655949	16213	16	1136	9	30	P213M	3	180	0.948	S	0.701	S	0.991	S	0.998	S	0.991	S	0.701	[]
2017-05-24 17:03:32	237	662295	16296	16	1136	9	31	P213M	3	180	0.948	S	0.701	S	0.991	S	0.998	S	0.991	S	0.701	[]
2017-05-24 17:06:32	239	668803	16393	16	1136	9	31	P213M	3	180	0.948	S	0.701	S	0.991	S	0.998	S	0.991	S	0.701	[]
2017-05-24 17:07:32	241	676405	17008	16	1136	9	31	P213M	3	180	0.948	S	0.701	S	0.991	S	0.998	S	0.991	S	0.701	[]
2017-05-24 17:12:32	245	687941	17183	16	1136	9	31	P213M	3	180	0.948	S	0.701	S	0.991	S	0.998	S	0.991	S	0.701	[]
2017-05-24 17:14:32	246	690902	18397	16	1177	9	31	P213M	3	180	0.95	S	0.708	S	0.991	S	0.998	S	0.991	S	0.708	[]
2017-05-24 17:15:32	247	693194	18415	16	1177	9	31	P213M	3	180	0.95	S	0.708	S	0.991	S	0.998	S	0.991	S	0.708	[]
2017-05-24 17:16:32	248	696905	18558	16	1177	9	31	P213M	3	180	0.95	S	0.708	S	0.991	S	0.998	S	0.991	S	0.708	[]
2017-05-24 17:19:32	250	704540	18636	16	1177	9	31	P213M	3	180	0.95	S	0.708	S	0.991	S	0.998	S	0.991	S	0.708	[]
2017-05-24 17:20:32	251	708108	18659	16	1177	9	31	P213M	3	180	0.95	S	0.708	S	0.991	S	0.998	S	0.991	S	0.708	[]
2017-05-24 17:21:32	252	713193	18717	16	1177	9	31	P213M	3	180	0.95	S	0.708	S	0.991	S	0.998	S	0.991	S	0.708	[]
2017-05-24 17:24:32	253	715392	18742	16	1177	9	32	P213M	3	180	0.948	S	0.708	S	0.991	S	0.998	S	0.991	S	0.708	[]
2017-05-24 17:25:32	254	717850	18763	16	1177	9	32	P213M	3	180	0.948	S	0.708	S	0.991	S	0.998	S	0.991	S	0.708	[]
2017-05-24 17:31:32	255	720568	18782	16	1177	9	32	P213M	3	180	0.948	S	0.708	S	0.991	S	0.998	S	0.991	S	0.708	[]
2017-05-24 17:33:32	257	726863	18929	16	1177	9	32	P213M	3	180	0.948	S	0.708	S	0.991	S	0.998	S	0.991	S	0.708	[]
2017-05-24 17:37:32	258	730109	18948	16	1177	9	32	P213M	3	180	0.948	S	0.708	S	0.991	S	0.998	S	0.991	S	0.708	[]
2017-05-24 17:38:32	259	734265	19021	16	1177	9	32	P213M	3	180	0.948	S	0.708	S	0.991	S	0.998	S	0.991	S	0.708	[]
2017-05-24 17:39:32	260	736550	19076	16	1177	9	32	P213M	3	180	0.948	S	0.708	S	0.991	S	0.998	S	0.991	S	0.708	[]
2017-05-24 17:40:32	261	737849	19076	16	1177	9	32	P213M	3	180	0.948	S	0.708	S	0.991	S	0.998	S	0.991	S	0.708	[]
2017-05-24 17:42:32	262	741132	19150	16	1177	9	32	P213M	3	180	0.948	S	0.708	S	0.991	S	0.998	S	0.991	S	0.708	[]
2017-05-24 17:43:32	263	744984	19224	16	1177	9	32	P213M	3	180	0.948	S	0.708	S	0.991	S	0.998	S	0.991	S	0.708	[]
2017-05-24 17:49:32	266	753816	19466	16	1177	9	32	P213M	3	180	0.948	S	0.708	S	0.991	S	0.998	S	0.991	S	0.708	[]
2017-05-24 17:50:32	267	756512	19484	16	1177	9	32	P213M	3	180	0.948	S	0.708	S	0.991	S	0.998	S	0.991	S	0.708	[]
2017-05-24 17:51:32	268	759362	19631	16	1177	9	32	P213M	3	180	0.948	S	0.708	S	0.991	S	0.998	S	0.991	S	0.708	[]
2017-05-24 17:52:32	269	762259	19671	16	1177	9	32	P213M	3	180	0.948	S	0.708	S	0.991	S	0.998	S	0.991	S	0.708	[]
2017-05-24 17:53:32	270	765216	19709	16	1177	9	32	P213M	3	180	0.948	S	0.708	S	0.991	S	0.998	S	0.991	S	0.708	[]
2017-05-24 17:56:32	271	768166	19745	16	1177	9	32	P213M	3	180	0.948	S	0.708	S	0.991	S	0.998	S	0.991	S	0.708	[]
2017-05-24 17:58:32	273	777200	19860	16	1177	9	32	P213M	3	180	0.948	S	0.708	S	0.991	S	0.998	S	0.991	S	0.708	[]
2017-05-24 17:59:32	276	785548	20010	16	1177	9	32	P213M	3	180	0.948	S	0.708	S	0.991	S	0.998	S	0.991	S	0.708	[]
2017-05-24 18:02:32	277	789423	22068	16	1177	9	32	P213M	3	180	0.948	S	0.708	S	0.991	S	0.998	S	0.991	S	0.708	[]
2017-05-24 18:03:32	278	792839	22086	16	1177	9	32	P213M	3	180	0.948	S	0.708	S	0.991	S	0.998	S	0.991	S	0.708	[]
2017-05-24 18:04:32	279	795538	22123	16	1177	9	32	P213M	3	180	0.948	S	0.708	S	0.991	S	0.998	S	0.991	S	0.708	[]
2017-05-24 18:07:32	280	799575	22159	16	1177	9	32	P213M	3	180	0.948	S	0.708	S	0.991	S	0.998	S	0.991	S	0.708	[]
2017-05-24 18:08:32	282	805816	22219	16	1177	9	32	P213M	3	180	0.948	S	0.708	S	0.991	S	0.998	S	0.991	S	0.708	[]
2017-05-24 18:09:32	283	806424	22219	16	1177	9	32	P213M	3	180	0.948	S	0.708	S	0.991	S	0.998	S	0.991	S	0.708	[]
2017-05-24 18:11:32	284	808875	22255	16	1177	9	32	P213M	3	180	0.948	S	0.708	S	0.991	S	0.998	S	0.991	S	0.708	[]
2017-05-24 18:13:32	285	811176	22255	16	1177	9	32	P213M	3	180	0.948	S	0.708	S	0.991	S	0.998	S	0.991	S	0.708	[]
2017-05-24 18:14:32	289	821161	22392	16	1177	9	32	P213M	3	180	0.948	S	0.708	S	0.991	S	0.998	S	0.991	S	0.708	[]
2017-05-24 18:16:32	290	825028	22428	16	1177	9	32	P213M	3	180	0.948	S	0.708	S	0.991	S	0.998	S	0.991	S	0.708	[]
2017-05-24 18:19:32	291	826270	22446	16	1177	9	32	P213M	3	180	0.948	S	0.708	S	0.991	S	0.998	S	0.991	S	0.708	[]
2017-05-24 18:22:32	292	829301	22468	16	1177	9	32	P213M	3	180	0.948	S	0.708	S	0.991	S	0.998	S	0.991	S	0.708	[]
2017-05-24 18:23:32	293	832281	22522	16	1177	9	32	P213M	3	180	0.948	S	0.708	S	0.991	S	0.998	S	0.991	S	0.708	[]
2017-05-24 18:27:32	294	836363	22558	16	1177	9	32	P213M	3	180	0.948	S	0.708	S	0.991	S	0.998	S	0.991	S	0.708	[]
2017-05-24 18:28:32	295	840158	22578	16	1177	9	32	P213M	3	180	0.948	S	0.708	S	0.991	S	0.998	S	0.991	S	0.708	[]
2017-05-24 18:30:32	298	847347	22614	16	1177	9	32	P213M	3	180	0.948	S	0.708	S	0.991	S	0.998	S	0.991	S	0.708	[]
2017-05-24 18:31:32	299	849409	22614	16	1177	9	32	P213M	3	180	0.948	S	0.708	S	0.991	S	0.998	S	0.991	S	0.708	[]
2017-05-24 18:33:32	300	851515	22673	16	1177	9	43	P213M	3	180	0.9299999999999999	S	0.708	S	0.991	S	0.998	S	0.991	S	0.708	[]
2017-05-24 18:34:32	303	863296	22915	16	1177	9	43	P213M	3	180	0.9299999999999999	S	0.708	S	0.991	S	0.998	S	0.991	S	0.708	[]
2017-05-24 18:36:32	305	869016	22952	16	1177	9	43	P213M	3	180	0.9299999999999999	S	0.708	S	0.991	S	0.998	S	0.991	S	0.708	[]
2017-05-24 18:37:32	306	874231	22971	16	1177	9	43	P213M	3	180	0.9299999999999999	S	0.708	S	0.991	S	0.998	S	0.991	S	0.708	[]
2017-05-24 18:40:32	307	877180	23096	16	1177	9	43	P213M	3	180	0.9299999999999999	S	0.708	S	0.991	S	0.998	S	0.991	S	0.708	[]
2017-05-24 18:41:32	308	878872	23096	16	1177	9	43	P213M	3	180	0.9299999999999999	S	0.708	S	0.991	S	0.998	S	0.991	S	0.708	[]
2017-05-24 18:43:32	311	885250	23170	16	1177	9	43	P213M	3	180	0.9299999999999999	S	0.708	S	0.991	S	0.998	S	0.991	S	0.708	[]
2017-05-24 18:44:32	312	887515	23225	16	1177	9	43	P213M	3	180	0.9299999999999999	S	0.708	S	0.991	S	0.998	S	0.991	S	0.708	[]
2017-05-24 18:45:32	313	892000	23244	16	1177	9	43	P213M	3	180	0.9299999999999999	S	0.708	S	0.991	S	0.998	S	0.991	S	0.708	[]
2017-05-24 18:46:32	315	897522	23312	16	1177	9	43	P213M	3	180	0.9299999999999999	S	0.708	S	0.991	S	0.998	S	0.991	S	0.708	[]
2017-05-24 18:47:32	316	900356	23350	16	1177	9	43	P213M	3	180	0.9299999999999999	S	0.708	S	0.991	S	0.998	S	0.991	S	0.708	[]
2017-05-24 18:48:32	317	903318	23368	16	1177	9	43	P213M	3	180	0.9299999999999999	S	0.708	S	0.991	S	0.998	S	0.991	S	0.708	[]
2017-05-24 18:50:32	318	905100	23386	16	1177	9	43	P213M	3	180	0.9299999999999999	S	0.708	S	0.991	S	0.998	S	0.991	S	0.708	[]
2017-05-24 18:52:32	319	907721	23441	16	1177	9	43	P213M	3	180	0.9299999999999999	S	0.708	S	0.991	S	0.998	S	0.991	S	0.708	[]
2017-05-24 18:53:32	320	909863	23598	16	1177	9	43	P213M	3	180	0.9299999999999999	S	0.708	S	0.991	S	0.998	S	0.991	S	0.708	[]
2017-05-24 18:57:32	321	913109	23598	16	1177	9	43	P213M	3	180	0.9299999999999999	S	0.708	S	0.991	S	0.998	S	0.991	S	0.708	[]
2017-05-24 18:58:32	322	914814	23598	16	1177	9	43	P213M	3	180	0.9299999999999999	S	0.708	S	0.991	S	0.998	S	0.991	S	0.708	[]
2017-05-24 18:59:32	323	917799	23616	16	1177	9	43	P213M	3	180	0.9299999999999999	S	0.708	S	0.991	S	0.998	S	0.991	S	0.708	[]
2017-05-24 19:01:32	324	918648	23616	16	1177	9	43	P213M	3	180	0.9299999999999999	S	0.708	S	0.991	S	0.998	S	0.991	S	0.708	[]
2017-05-24 19:02:32	327	927833	23669	16	1177	9	43	P213M	3	180	0.9299999999999999	S	0.708	S	0.99	S	0.998	S	0.99	S	0.708	[]
2017-05-24 19:03:32	328	929198	23669	16	1177	9	43	P213M	3	180	0.9299999999999999	S	0.708	S	0.99	S	0.998	S	0.99	S	0.708	[]
2017-05-24 19:08:32	330	934780	23669	16	1177	9	43	P213M	3	180	0.9299999999999999	S	0.708	S	0.99	S	0.998	S	0.99	S	0.708	[]
2017-05-24 19:09:32	331	937439	23730	16	1177	9	43	P213M	3	180	0.9299999999999999	S	0.708	S	0.99	S	0.998	S	0.99	S	0.708	[]
2017-05-24 19:10:32	332	940186	23730	16	1177	9	43	P213M	3	180	0.9299999999999999	S	0.708	S	0.99	S	0.998	S	0.99	S	0.708	[]
2017-05-24 19:11:32	333	942480	23730	16	1177	9	43	P213M	3	180	0.9299999999999999	S	0.708	S	0.99	S	0.998	S	0.99	S	0.708	[]
2017-05-24 19:13:32	334	944469	23766	16	1177	9	43	P213M	3	180	0.9299999999999999	S	0.708	S	0.99	S	0.998	S	0.99	S	0.708	[]
2017-05-24 19:15:32	336	951472	23785	16	1177	9	43	P213M	3	180	0.9299999999999999	S	0.708	S	0.99	S	0.998	S	0.99	S	0.708	[]
2017-05-24 19:17:32	337	956815	23821	16	1177	9	43	P213M	3	180	0.9299999999999999	S	0.708	S	0.99	S	0.998	S	0.99	S	0.708	[]
2017-05-24 19:20:32	340	963214	23858	16	1177	9	43	P213M	3	180	0.9299999999999999	S	0.708	S	0.99	S	0.998	S	0.99	S	0.708	[]
2017-05-24 19:21:32	340	966273	23897	16	1177	9	43	P213M	3	180	0.9299999999999999	S	0.708	S	0.99	S	0.998	S	0.99	S	0.708	[]
2017-05-24 19:25:32	341	970092	23954	16	1177	9	44	P213M	3	180	0.9279999999999999	S	0.708	S	0.99	S	0.998	S	0.99	S	0.708	[]
2017-05-24 19:27:32	342	973836	24028	16	1177	9	44	P213M	3	180	0.9279999999999999	S	0.708	S	0.99	S	0.998	S	0.99	S	0.708	[]
2017-05-24 19:28:32	343	976161	24047	16	1177	9	44	P213M	3	180	0.9279999999999999	S	0.708	S	0.99	S	0.998	S	0.99	S	0.708	[]
2017-05-24 19:31:32	345	978305	24065	16	1177	9	44	P213M	3	180	0.9279999999999999	S	0.708	S	0.99	S	0.998	S	0.99	S	0.708	[]
2017-05-24 19:32:32	346	980693	24065	16	1177	9	44	P213M	3	180	0.9279999999999999	S	0.708	S	0.99	S	0.998	S	0.99	S	0.708	[]
2017-05-24 19:36:32	347	981538	24083	16	1177	9	44	P213M	3	180	0.9279999999999999	S	0.708	S	0.99	S	0.998	S	0.99	S	0.708	[]
2017-05-24 19:40:32	348	984189	24159	16	1177	9	44	P213M	3	180	0.9279999999999999	S	0.708	S	0.99	S	0.998	S	0.99	S	0.708	[]
2017-05-24 19:41:32	349	984819	24187	16	1177	9	49	P213M	3	180	0.9199999999999999	S	0.708	S	0.99	S	0.998	S	0.99	S	0.708	[]
2017-05-24 19:42:32	350	988313	24226	16	1177	9	49	P213M	3	180	0.9199999999999999	S	0.708	S	0.99	S	0.998	S	0.99	S	0.708	[]
2017-05-24 19:43:32	351	991949	24262	16	1177	9	49	P213M	3	180	0.9199999999999999	S	0.708	S	0.99	S	0.998	S	0.99	S	0.708	[]
2017-05-24 19:46:32	352	994060	24299	16	1177	9	49	P213M	3	180	0.9199999999999999	S	0.708	S	0.99	S	0.998	S	0.99	S	0.708	[]
2017-05-24 19:49:32	354	997708	24336	16	1177	9	49	P213M	3	180	0.9199999999999999	S	0.708	S	0.99	S	0.998	S	0.99	S	0.708	[]
2017-05-24 19:52:32	355	1000329	24336	16	1177	9	49	P213M	3	180	0.9199999999999999	S	0.708	S	0.99	S	0.998	S	0.99	S	0.708	[]
2017-05-24 19:53:32	356	1002634	24409	16	1177	9	49	P213M	3	180	0.9199999999999999	S	0.708	S	0.99	S	0.998	S	0.99	S	0.708	[]
2017-05-24 19:54:32	357	1005656	24428	16	1177	9	49	P213M	3	180	0.9199999999999999	S	0.708	S	0.99	S	0.998	S	0.99	S	0.708	[]
2017-05-24 19:55:32	358	1008056	24428	16	1177	9	49	P213M	3	180	0.9199999999999999	S	0.708	S	0.99	S	0.998	S	0.99	S	0.708	[]
2017-05-24 19:59:32	359	1011066	24428	16	1177	9	49	P213M	3	180	0.9199999999999999	S	0.708	S	0.99	S	0.998	S	0.99	S	0.708	[]
2017-05-24 20:05:32	360	1013792	24492	16	1177	9	49	P213M	3	180	0.9199999999999999	S	0.708	S	0.99	S	0.998	S	0.99	S	0.708	[]
2017-05-24 20:10:32	362	1019239	24546	16	1177	9	49	P213M	3	180	0.9199999999999999	S	0.708	S	0.99	S	0.998	S	0.99	S	0.708	[]
2017-05-24 20:12:32	363	1021492	24564	16	1177	9	49	P213M	3	180	0.9199999999999999	S	0.708	S	0.99	S	0.998	S	0.99	S	0.708	[]
2017-05-24 20:14:32	364	1023520	24564	16	1177	9	49	P213M	3	180	0.9199999999999999	S	0.708	S	0.99	S	0.998	S	0.99	S	0.708	[]
2017-05-24 20:15:32	366	1028593	24600	16	1177	9	49	P213M	3	180	0.9199999999999999	S	0.708	S	0.99	S	0.998	S	0.99	S	0.708	[]
2017-05-24 20:16:32	367	1030916	24637	16	1177	9	49	P213M	3	180	0.9199999999999999	S	0.708	S	0.99	S	0.998	S	0.99	S	0.708	[]
2017-05-24 20:17:32	369	1035952	24678	16	1177	9	49	P213M	3	180	0.9199999999999999	S	0.708	S	0.99	S	0.998	S	0.99	S	0.708	[]
2017-05-24 20:24:32	369	1039721	24748	16	1177	9	49	P213M	3	180	0.9199999999999999	S	0.708	S	0.99	S	0.998	S	0.99	S	0.708	[]
2017-05-24 20:25:32	370	1042396	24786	16	1177	9	49	P213M	3	180	0.9199999999999999	S	0.708	S	0.99	S	0.998	S	0.99	S	0.708	[]
2017-05-24 20:26:32	371	1046811	24805	16	1177	9	49	P213M	3	180	0.9199999999999999	S	0.708	S	0.99	S	0.998	S	0.99	S	0.708	[]
2017-05-24 20:28:32	372	1049913	24823	16	1177	9	49	P213M	3	180	0.9199999999999999	S	0.708	S	0.99	S	0.998	S	0.99	S	0.708	[]
2017-05-24 20:29:32	373	1051637	24841	16	1177	9	49	P213M	3	180	0.9199999999999999	S	0.708	S	0.99	S	0.998	S	0.99	S	0.708	[]
2017-05-24 20:31:32	374	1054137	24860	16	1177	9	49	P213M	3	180	0.9199999999999999	S	0.708	S	0.99	S	0.998	S	0.99	S	0.708	[]
2017-05-24 20:33:32	375	1056373	24878	16	1177	9	49	P213M	3	180	0.9199999999999999	S	0.708	S	0.99	S	0.998	S	0.99	S	0.708	[]
2017-05-24 20:34:32	377	1060836	24969	16	1177	9	49	P213M	3	180	0.9199999999999999	S	0.708	S	0.99	S	0.998	S	0.99	S	0.708	[]
2017-05-24 20:35:32	378	1063708	25023	16	1177	9	49	P213M	3	180	0.9199999999999999	S	0.708	S	0.99	S	0.998	S	0.99	S	0.708	[]
2017-05-24 20:36:32	379	1067613	27408	16	1177	9	49	P213M	3	180	0.9199999999999999	S	0.708	S	0.99	S	0.998	S	0.99	S	0.708	[]
2017-05-24 20:37:32	380	1070048	27426	16	1177	9	49	P213M	3	180	0.9199999999999999	S	0.708	S	0.99	S	0.998	S	0.99	S	0.708	[]
2017-05-24 20:39:32	381	1073078	27444	16	1177	9	49	P213M	3	180	0.9199999999999999	S	0.708	S	0.99	S	0.998	S	0.99	S	0.708	[]
2017-05-24 20:42:32	382	1076440	27462	16	1177	9	49	P213M	3	180	0.9199999999999999	S	0.708	S	0.99	S	0.998	S	0.99	S	0.708	[]
2017-05-24 20:44:32	384	1080136	27517	16	1177	9	49	P213M	3	180	0.9199999999999999	S	0.708	S	0.99	S	0.998	S	0.99	S	0.708	[]
2017-05-24 20:47:32	386	1086296	27594	16	1177	9	49	P213M	3	180	0.9199999999999999	S	0.708	S	0.99	S	0.998	S	0.99	S	0.708	[]
2017-05-24 20:49:32	387	1089645	27632	16	1177	9	49	P213M	3	180	0.9199999999999999	S	0.708	S	0.99	S	0.998	S	0.99	S	0.708	[]
2017-05-24 20:51:32	391	1101899	27707	16	1180	9	49	P213M	3	180	0.9199999999999999	S	0.708	S	0.99	S	0.998	S	0.99	S	0.708	[]
2017-05-24 20:52:32	392	1102666	27707	16	1180	9	49	P213M	3	180	0.9199999999999999	S	0.708	S	0.99	S	0.998	S	0.99	S	0.708	[]
2017-05-24 20:55:32	395	1109808	27801	16	1180	9	49	P213M	3	180	0.9199999999999999	S	0.708	S	0.99	S	0.998	S	0.99	S	0.708	[]
2017-05-24 20:56:32	396	1112506	27819	16	1180	9	49	P213M	3	180	0.9199999999999999	S	0.708	S	0.99	S	0.998	S	0.99	S	0.708	[]
2017-05-24 20:57:32	397	1114961	27856	16	1180	9	49	P213M	3	180	0.9199999999999999	S	0.708	S	0.99	S	0.998	S	0.99	S	0.708	[]
2017-05-24 21:01:32	398	1118184	27894	16	1180	9	49	P213M	3	180	0.9199999999999999	S	0.708	S	0.99	S	0.998	S	0.99	S	0.708	[]
2017-05-24 21:04:32	402	1128879	28077	16	1180	9	49	P213M	3	180	0.9199999999999999	S	0.708	S	0.99	S	0.998	S	0.99	S	0.708	[]
2017-05-24 21:06:32	404	1136298	28096	16	1180	9	49	P213M	3	180	0.9199999999999999	S	0.708	S	0.99	S	0.998	S	0.99	S	0.708	[]
2017-05-24 21:07:32	406	1140977	28132	16	1180	9	49	P213M	3	180	0.9199999999999999	S	0.708	S	0.99	S	0.998	S	0.99	S	0.708	[]
2017-05-24 21:09:32	407	1143420	28151	16	1180	9	49	P213M	3	180	0.9199999999999999	S	0.708	S	0.99	S	0.998	S	0.99	S	0.708	[]
2017-05-24 21:10:32	408	1146215	28169	16	1180	9	49	P213M	3	180	0.9199999999999999	S	0.708	S	0.99	S	0.998	S	0.99	S	0.708	[]
2017-05-24 21:11:32	409	1149265	28188	16	1180	9	49	P213M	3	180	0.9199999999999999	S	0.708	S	0.99	S	0.998	S	0.99	S	0.708	[]
2017-05-24 21:15:32	410	1152030	28242	16	1180	9	49	P213M	3	180	0.9199999999999999	S	0.708	S	0.99	S	0.998	S	0.99	S	0.708	[]
2017-05-24 21:18:32	411	1154800	28261	16	1180	9	49	P213M	3	180	0.9199999999999999	S	0.708	S	0.99	S	0.998	S	0.99	S	0.708	[]
2017-05-24 21:20:32	412	1158233	28298	16	1180	9	49	P213M	3	180	0.9199999999999999	S	0.708	S	0.99	S	0.998	S	0.99	S	0.708	[]
2017-05-24 21:23:32	413	1160577	28316	16	1180	9	49	P213M	3	180	0.9199999999999999	S	0.708	S	0.99	S	0.998	S	0.99	S	0.708	[]
2017-05-24 21:27:32	414	1160852	28316	16	1180	9	49	P213M	3	180	0.9199999999999999	S	0.708	S	0.99	S	0.998	S	0.99	S	0.708	[]
2017-05-24 21:28:32	417	1169501	28443	16	1180	9	49	P213M	3	180	0.9199999999999999	S	0.708	S	0.99	S	0.998	S	0.99	S	0.708	[]
2017-05-24 21:30:32	418	1172416	28500	16	1180	9	49	P213M	3	180	0.9199999999999999	S	0.708	S	0.99	S	0.998	S	0.99	S	0.708	[]
2017-05-24 21:31:32	419	1174987	28500	16	1180	9	49	P213M	3	180	0.9199999999999999	S	0.708	S	0.99	S	0.998	S	0.99	S	0.708	[]
2017-05-24 21:33:32	420	1176674	28500	16	1180	9	49	P213M	3	180	0.9199999999999999	S	0.708	S	0.99	S	0.998	S	0.99	S	0.708	[]
2017-05-24 21:34:32	422	1181872	28555	16	1180	9	49	P213M	3	180	0.9199999999999999	S	0.708	S	0.99	S	0.998	S	0.99	S	0.708	[]
2017-05-24 21:35:32	424	1186329	28555	16	1180	9	49	P213M	3	180	0.9199999999999999	S	0.708	S	0.99	S	0.998	S	0.99	S	0.708	[]
2017-05-24 21:36:32	425	1190963	28611	16	1180	9	49	P213M	3	180	0.9199999999999999	S	0.708	S	0.99	S	0.997	S	0.99	S	0.708	[]
2017-05-24 21:37:32	426	1192889	28611	16	1180	9	49	P213M	3	180	0.9199999999999999	S	0.708	S	0.99	S	0.997	S	0.99	S	0.708	[]
2017-05-24 21:41:32	429	1205400	28782	16	1180	9	63	P213M	3	180	0.8979999999999999	S	0.708	S	0.99	S	0.997	S	0.99	S	0.708	[]
2017-05-24 21:42:32	430	1207554	28800	16	1180	9	63	P213M	3	180	0.8979999999999999	S	0.708	S	0.99	S	0.997	S	0.99	S	0.708	[]
2017-05-24 21:44:32	431	1210135	28800	16	1180	9	63	P213M	3	180	0.8979999999999999	S	0.708	S	0.99	S	0.997	S	0.99	S	0.708	[]
2017-05-24 21:47:32	432	1213749	28829	16	1180	9	63	P213M	3	180	0.8979999999999999	S	0.708	S	0.99	S	0.997	S	0.99	S	0.708	[]
2017-05-24 21:48:32	433	1213948	28829	16	1180	9	63	P213M	3	180	0.8979999999999999	S	0.708	S	0.99	S	0.997	S	0.99	S	0.708	[]
2017-05-24 21:50:32	434	1217669	28890	16	1180	9	63	P213M	3	180	0.8979999999999999	S	0.708	S	0.99	S	0.997	S	0.99	S	0.708	[]
2017-05-24 21:51:32	435	1219966	28908	16	1180	9	63	P213M	3	180	0.8979999999999999	S	0.708	S	0.99	S	0.997	S	0.99	S	0.708	[]
2017-05-24 21:54:32	436	1220854	28908	16	1180	9	63	P213M	3	180	0.8979999999999999	S	0.708	S	0.99	S	0.997	S	0.99	S	0.708	[]
2017-05-24 21:55:32	439	1227388	28983	16	1180	9	63	P213M	3	180	0.8979999999999999	S	0.708	S	0.99	S	0.997	S	0.99	S	0.708	[]
2017-05-24 21:58:32	440	1230367	29001	16	1180	9	63	P213M	3	180	0.8979999999999999	S	0.708	S	0.99	S	0.997	S	0.99	S	0.708	[]
2017-05-24 22:00:32	441	1233595	29038	16	1180	9	63	P213M	3	180	0.8979999999999999	S	0.708	S	0.99	S	0.997	S	0.99	S	0.708	[]
2017-05-24 22:01:32	442	1235907	29056	16	1180	9	63	P213M	3	180	0.8979999999999999	S	0.708	S	0.99	S	0.997	S	0.99	S	0.708	[]
2017-05-24 22:07:32	443	1238063	29092	16	1180	9	63	P213M	3	180	0.8979999999999999	S	0.708	S	0.99	S	0.997	S	0.99	S	0.708	[]
2017-05-24 22:08:32	444	1240566	29128	16	1180	9	63	P213M	3	180	0.8979999999999999	S	0.708	S	0.99	S	0.997	S	0.99	S	0.708	[]
2017-05-24 22:10:32	445	1244067	29147	16	1180	9	63	P213M	3	180	0.8979999999999999	S	0.708	S	0.99	S	0.997	S	0.99	S	0.708	[]
2017-05-24 22:11:32	445	1247442	29165	16	1180	9	63	P213M	3	180	0.8979999999999999	S	0.708	S	0.99	S	0.997	S	0.99	S	0.708	[]
2017-05-24 22:13:32	447	1253548	29865	16	1180	9	63	P213M	3	180	0.8979999999999999	S	0.708	S	0.99	S	0.997	S	0.99	S	0.708	[]
2017-05-24 22:16:32	449	1259647	31427	16	1180	9	63	P213M	3	180	0.8979999999999999	S	0.708	S	0.99	S	0.997	S	0.99	S	0.708	[]
2017-05-24 22:17:32	451	1264332	31447	16	1180	9	63	P213M	3	180	0.8979999999999999	S	0.708	S	0.99	S	0.997	S	0.99	S	0.708	[]
2017-05-24 22:19:32	452	1266818	31483	16	1180	9	63	P213M	3	180	0.8979999999999999	S	0.708	S	0.99	S	0.997	S	0.99	S	0.708	[]
2017-05-24 22:20:32	454	1274484	31603	16	1180	9	63	P213M	3	180	0.8979999999999999	S	0.708	S	0.99	S	0.997	S	0.99	S	0.708	[]
2017-05-24 22:22:32	456	1280372	31623	16	1180	9	63	P213M	3	180	0.8979999999999999	S	0.708	S	0.99	S	0.997	S	0.99	S	0.708	[]
2017-05-24 22:23:32	457	1283649	31641	16	1180	9	63	P213M	3	180	0.8979999999999999	S	0.708	S	0.99	S	0.997	S	0.99	S	0.708	[]
2017-05-24 22:26:32	458	1287408	31677	16	1180	9	63	P213M	3	180	0.8979999999999999	S	0.708	S	0.99	S	0.997	S	0.99	S	0.708	[]
2017-05-24 22:31:32	459	1289413	31695	16	1180	9	63	P213M	3	180	0.8979999999999999	S	0.708	S	0.99	S	0.997	S	0.99	S	0.708	[]
2017-05-24 22:32:32	461	1294585	31695	16	1180	9	63	P213M	3	180	0.8979999999999999	S	0.708	S	0.99	S	0.997	S	0.99	S	0.708	[]
2017-05-24 22:34:32	462	1296809	31695	16	1180	9	63	P213M	3	180	0.8979999999999999	S	0.708	S	0.99	S	0.997	S	0.99	S	0.708	[]
2017-05-24 22:37:32	463	1298954	31716	16	1180	9	64	P213M	3	180	0.8959999999999999	S	0.708	S	0.99	S	0.997	S	0.99	S	0.708	[]
2017-05-24 22:38:32	464	1302741	31743	16	1180	9	64	P213M	3	180	0.8959999999999999	S	0.708	S	0.99	S	0.997	S	0.99	S	0.708	[]
2017-05-24 22:39:32	465	1306337	31779	16	1180	9	64	P213M	3	180	0.8959999999999999	S	0.708	S	0.99	S	0.997	S	0.99	S	0.708	[]
2017-05-24 22:44:32	466	1309158	31797	16	1180	9	65	P213M	3	180	0.8959999999999999	S	0.708	S	0.99	S	0.997	S	0.99	S	0.708	[]
2017-05-24 22:45:32	468	1315978	33759	16	1180	1	71	P213M	3	180	0.8859999999999999	S	0.708	S	0.99	S	0.997	S	0.99	S	0.708	[]
2017-05-24 22:46:32	469	1319530	33835	16	1180	1	71	P213M	3	180	0.8859999999999999	S	0.708	S	0.99	S	0.997	S	0.99	S	0.708	[]
2017-05-24 22:47:32	472	1328222	33940	16	1180	1	72	P213M	3	180	0.8859999999999999	S	0.708	S	0.99	S	0.997	S	0.99	S	0.708	[]
2017-05-24 22:48:32	474	1333556	34016	16	1180	1	72	P213M	3	180	0.8839999999999999	S	0.708	S	0.989	S	0.997	S	0.989	S	0.708	[]
2017-05-24 22:49:32	476	1337353	34054	16	1180	1	72	P213M	3	180	0.8839999999999999	S	0.708	S	0.989	S	0.997	S	0.989	S	0.708	[]
2017-05-24 22:51:32	477	1340562	34072	16	1180	1	72	P213M	3	180	0.8839999999999999	S	0.708	S	0.989	S	0.997	S	0.989	S	0.708	[]
2017-05-24 22:53:32	479	1345711	34110	16	1180	1	72	P213M	3	180	0.8839999999999999	S	0.708	S	0.989	S	0.997	S	0.989	S	0.708	[]
2017-05-24 22:55:32	480	1349432	34129	16	1180	1	72	P213M	3	180	0.8839999999999999	S	0.708	S	0.989	S	0.997	S	0.989	S	0.708	[]
2017-05-24 22:57:32	481	1349963	34129	16	1180	1	72	P213M	3	180	0.8839999999999999	S	0.708	S	0.989	S	0.997	S	0.989	S	0.708	[]
2017-05-24 22:59:32	484	1359858	34218	16	1180	1	72	P213M	3	180	0.8839999999999999	S	0.708	S	0.989	S	0.997	S	0.989	S	0.708	[]
2017-05-24 23:01:32	485	1362958	34236	16	1180	1	72	P213M	3	180	0.8839999999999999	S	0.708	S	0.989	S	0.997	S	0.989	S	0.708	[]
2017-05-24 23:03:32	487	1368786	34272	16	1180	1	72	P213M	3	180	0.8839999999999999	S	0.708	S	0.989	S	0.997	S	0.989	S	0.708	[]
2017-05-24 23:04:32	488	1371755	34295	16	1180	1	72	P213M	3	180	0.8839999999999999	S	0.708	S	0.989	S	0.997	S	0.989	S	0.708	[]
2017-05-24 23:05:32	489	1374724	34342	16	1180	1	80	P213M	3	180	0.8740000000000001	S	0.708	S	0.989	S	0.997	S	0.989	S	0.708	[]
2017-05-24 23:06:32	491	1380763	34380	16	1180	1	80	P213M	3	180	0.8740000000000001	S	0.708	S	0.989	S	0.997	S	0.989	S	0.708	[]
2017-05-24 23:07:32	492	1383136	34416	16	1180	1	80	P213M	3	180	0.8740000000000001	S	0.708	S	0.989	S	0.997	S	0.989	S	0.708	[]
2017-05-24 23:10:32	493	1383397	34416	16	1180	1	80	P213M	3	180	0.8740000000000001	S	0.708	S	0.989	S	0.997	S	0.989	S	0.708	[]
2017-05-24 23:11:32	494	1384346	34416	16	1180	1	80	P213M	3	180	0.8740000000000001	S	0.708	S	0.989	S	0.997	S	0.989	S	0.708	[]
2017-05-24 23:14:32	495	1386098	34416	16	1180	1	80	P213M	3	180	0.8740000000000001	S	0.708	S	0.989	S	0.997	S	0.989	S	0.708	[]
2017-05-24 23:16:32	496	1388892	34434	16	1180	1	80	P213M	3	180	0.8740000000000001	S	0.708	S	0.989	S	0.997	S	0.989	S	0.708	[]
2017-05-24 23:18:32	497	1391914	34470	16	1180	1	80	P213M	3	180	0.8740000000000001	S	0.708	S	0.989	S	0.997	S	0.989	S	0.708	[]
2017-05-24 23:21:32	497	1394324	35947	16	1180	1	80	P213M	3	180	0.8740000000000001	S	0.708	S	0.989	S	0.997	S	0.989	S	0.708	[]
2017-05-24 23:23:32	498	1397225	36007	16	1180	1	80	P213M	3	180	0.8740000000000001	S	0.708	S	0.989	S	0.997	S	0.989	S	0.708	[]
2017-05-24 23:24:32	499	1398551	36025	16	1180	1	80	P213M	3	180	0.8740000000000001	S	0.708	S	0.989	S	0.997	S	0.989	S	0.708	[]
2017-05-24 23:27:32	502	1404430	36044	16	1180	1	80	P213M	3	180	0.8740000000000001	S	0.708	S	0.989	S	0.997	S	0.989	S	0.708	[]
2017-05-24 23:28:32	503	1406620	36062	16	1180	1	80	P213M	3	180	0.8740000000000001	S	0.708	S	0.989	S	0.997	S	0.989	S	0.708	[]
2017-05-24 23:30:32	504	1409806	36080	16	1180	1	80	P213M	3	180	0.8740000000000001	S	0.708	S	0.989	S	0.997	S	0.989	S	0.708	[]
2017-05-24 23:33:32	505	1412474	36098	16	1180	1	80	P213M	3	180	0.8740000000000001	S	0.708	S	0.989	S	0.997	S	0.989	S	0.708	[]
2017-05-24 23:38:32	506	1415120	36159	16	1180	1	80	P213M	3	180	0.8740000000000001	S	0.708	S	0.989	S	0.997	S	0.989	S	0.708	[]
2017-05-24 23:40:32	507	1418333	36195	16	1180	1	80	P213M	3	180	0.8740000000000001	S	0.708	S	0.989	S	0.997	S	0.989	S	0.708	[]
2017-05-24 23:41:32	508	1421745	36213	16	1180	1	80	P213M	3	180	0.8740000000000001	S	0.708	S	0.989	S	0.997	S	0.989	S	0.708	[]
2017-05-24 23:44:32	509	1423879	36213	16	1180	1	80	P213M	3	180	0.8740000000000001	S	0.708	S	0.989	S	0.997	S	0.989	S	0.708	[]
2017-05-24 23:46:32	511	1428958	36268	16	1180	1	80	P213M	3	180	0.8740000000000001	S	0.708	S	0.989	S	0.997	S	0.989	S	0.708	[]
2017-05-24 23:47:32	512	1432119	36312	16	1180	1	80	P213M	3	180	0.8720000000000001	S	0.708	S	0.989	S	0.997	S	0.989	S	0.708	[]
2017-05-24 23:48:32	514	1436595	37410	16	1180	1	80	P213M	3	180	0.8720000000000001	S	0.708	S	0.989	S	0.997	S	0.989	S	0.708	[]
2017-05-24 23:55:32	515	1438862	37410	16	1180	1	80	P213M	3	180	0.8720000000000001	S	0.708	S	0.989	S	0.997	S	0.989	S	0.708	[]
2017-05-24 23:56:32	518	1446317	37451	16	1180	1	80	P213M	3	180	0.8720000000000001	S	0.708	S	0.989	S	0.997	S	0.989	S	0.708	[]
2017-05-24 23:57:32	519	1449016	37508	16	1180	1	80	P213M	3	180	0.8720000000000001	S	0.708	S	0.989	S	0.997	S	0.989	S	0.708	[]
2017-05-24 23:59:32	520	1451671	38718	16	1229	1	80	P213M	3	180	0.8779999999999999	S	0.717	S	0.989	S	0.997	S	0.989	S	0.717	[]
2017-05-25 00:02:32	521	1454599	38736	16	1229	1	80	P213M	3	180	0.8779999999999999	S	0.717	S	0.989	S	0.997	S	0.989	S	0.717	[]
2017-05-25 00:06:32	521	1457689	38754	16	1229	1	80	P213M	3	180	0.8779999999999999	S	0.717	S	0.989	S	0.997	S	0.989	S	0.717	[]
2017-05-25 00:07:32	523	1463876	38899	16	1229	1	80	P213M	3	180	0.8779999999999999	S	0.717	S	0.98	S	0.997	S	0.989	S	0.717	[]
2017-05-25 00:08:32	524	1466051	38935	16	1229	1	80	P213M	3	180	0.8779999999999999	S	0.717	S	0.98	S	0.997	S	0.989	S	0.717	[]
2017-05-25 00:09:32	525	1469484	38956	16	1229	1	81	P213M	3	180	0.8759999999999999	S	0.717	S	0.98	S	0.997	S	0.989	S	0.717	[]
2017-05-25 00:11:32	526	1471127	38997	16	1229	1	81	P213M	3	180	0.8759999999999999	S	0.717	S	0.98	S	0.997	S	0.989	S	0.717	[]
2017-05-25 00:15:32	527	1474259	39015	16	1229	1	81	P213M	3	180	0.8759999999999999	S	0.717	S	0.98	S	0.997	S	0.989	S	0.717	[]
2017-05-25 00:18:32	528	1476871	39070	16	1229	1	81	P213M	3	180	0.8759999999999999	S	0.717	S	0.98	S	0.997	S	0.989	S	0.717	[]
2017-05-25 00:19:32	529	1480315	39109	16	1229	1	81	P213M	3	180	0.8759999999999999	S	0.717	S	0.98	S	0.997	S	0.989	S	0.717	[]
2017-05-25 00:20:32	531	1482286	39128	16	1229	1	81	P213M	3	180	0.8759999999999999	S	0.717	S	0.98	S	0.997	S	0.989	S	0.717	[]
2017-05-25 00:21:32	533	1488436	39185	16	1229	1	81	P213M	3	180	0.8759999999999999	S	0.717	S	0.98	S	0.997	S	0.989	S	0.717	[]
2017-05-25 00:22:32	535	1494470	39258	16	1229	1	81	P213M	3	180	0.8759999999999999	S	0.717	S	0.98	S	0.996	S	0.989	S	0.717	[]
2017-05-25 00:25:32	536	1496867	39277	16	1230	1	81	P213M	3	180	0.8759999999999999	S	0.717	S	0.98	S	0.996	S	0.989	S	0.717	[]
2017-05-25 00:28:32	539	1503262	39350	16	1230	1	81	P213M	3	180	0.8759999999999999	S	0.717	S	0.98	S	0.996	S	0.988	S	0.717	[]
2017-05-25 00:29:32	541	1508393	39423	16	1230	1	81	P213M	3	180	0.8759999999999999	S	0.717	S	0.98	S	0.996	S	0.988	S	0.717	[]
2017-05-25 00:33:32	542	1510075	39441	16	1230	1	81	P213M	3	180	0.8759999999999999	S	0.717	S	0.98	S	0.996	S	0.988	S	0.717	[]
2017-05-25 00:34:32	545	1517857	39602	16	1230	1	81	P213M	3	180	0.8759999999999999	S	0.717	S	0.98	S	0.996	S	0.988	S	0.717	[]
2017-05-25 00:36:32	546	1520964	39622	16	1230	1	81	P213M	3	180	0.8759999999999999	S	0.717	S	0.98	S	0.996	S	0.988	S	0.717	[]
2017-05-25 00:37:32	547	1523876	39658	16	1230	1	81	P213M	3	180	0.8759999999999999	S	0.717	S	0.98	S	0.996	S	0.988	S	0.717	[]
2017-05-25 00:38:32	548	1527332	39695	16	1230	1	81	P213M	3	180	0.8759999999999999	S	0.717	S	0.98	S	0.996	S	0.988	S	0.717	[]
2017-05-25 00:42:32	550	1532899	39731	16	1230	1	81	P213M	3	180	0.8759999999999999	S	0.717	S	0.98	S	0.996	S	0.988	S	0.717	[]
2017-05-25 00:43:32	551	1536451	39749	16	1230	1	81	P213M	3	180	0.8759999999999999	S	0.717	S	0.98	S	0.996	S	0.988	S	0.717	[]
2017-05-25 00:44:32	552	1542727	39822	16	1230	1	81	P213M	3	180	0.8759999999999999	S	0.717	S	0.98	S	0.996	S	0.988	S	0.717	[]
2017-05-25 00:48:32	554	1547956	39877	16	1230	1	81	P213M	3	180	0.8759999999999999	S	0.717	S	0.98	S	0.996	S	0.988	S	0.717	[]
2017-05-25 00:49:32	555	1550329	39877	16	1230	1	81	P213M	3	180	0.8759999999999999	S	0.717	S	0.98	S	0.996	S	0.988	S	0.717	[]
2017-05-25 00:50:32	557	1552907	39915	16	1230	1	81	P213M	3	180	0.8759999999999999	S	0.717	S	0.98	S	0.996	S	0.988	S	0.717	[]
2017-05-25 00:51:32	558	1555279	39952	16	1230	1	81	P213M	3	180	0.8759999999999999	S	0.717	S	0.98	S	0.996	S	0.988	S	0.717	[]
2017-05-25 00:53:32	559	1557804	39971	16	1230	1	81	P213M	3	180	0.8759999999999999	S	0.717	S	0.98	S	0.996	S	0.988	S	0.717	[]
2017-05-25 00:54:32	560	1561099	40007	16	1230	1	81	P213M	3	180	0.8759999999999999	S	0.717	S	0.98	S	0.996	S	0.988	S	0.717	[]
2017-05-25 00:56:32	561	1564034	40025	16	1230	1	81	P213M	3	180	0.8759999999999999	S	0.717	S	0.98	S	0.996	S	0.988	S	0.717	[]
2017-05-25 00:57:32	564	1572239	40122	16	1230	1	82	P213M	3	180	0.8740000000000001	S	0.717	S	0.98	S	0.996	S	0.988	S	0.717	[]
2017-05-25 00:58:32	566	1581523	40257	16	1230	1	82	P213M	3	180	0.8740000000000001	S	0.717	S	0.98	S	0.996	S	0.988	S	0.717	[]
2017-05-25 00:59:32	567	1582673	40257	16	1230	1	82	P213M	3	180	0.8740000000000001	S	0.717	S	0.98	S	0.996	S	0.988	S	0.717	[]
2017-05-25 01:00:32	569	1587996	40334	16	1230	1	82	P213M	3	180	0.8740000000000001	S	0.717	S	0.98	S	0.996	S	0.987	S	0.717	[]
2017-05-25 01:02:32	570	1590862	40352	16	1230	1	82	P213M	3	180	0.8740000000000001	S	0.717	S	0.98	S	0.996	S	0.987	S	0.717	[]
2017-05-25 01:03:32	573	1599491	40487	16	1230	1	82	P213M	3	180	0.8740000000000001	S	0.717	S	0.98	S	0.996	S	0.987	S	0.717	[]
2017-05-25 01:05:32	575	1602031	40523	16	1230	1	82	P213M	3	180	0.8740000000000001	S	0.717	S	0.98	S	0.996	S	0.987	S	0.717	[]
2017-05-25 01:07:32	576	1605404	40541	16	1230	1	82	P213M	3	180	0.8740000000000001	S	0.717	S	0.98	S	0.996	S	0.987	S	0.717	[]
2017-05-25 01:10:32	577	1607273	40560	16	1230	1	82	P213M	3	180	0.8740000000000001	S	0.717	S	0.98	S	0.996	S	0.987	S	0.717	[]
2017-05-25 01:15:32	578	1611096	40578	16	1230	1	82	P213M	3	180	0.8740000000000001	S	0.717	S	0.98	S	0.996	S	0.987	S	0.717	[]
2017-05-25 01:16:32	579	1614658	40578	16	1230	1	82	P213M	3	180	0.8740000000000001	S	0.717	S	0.98	S	0.996	S	0.987	S	0.717	[]
2017-05-25 01:17:32	581	1618004	40615	16	1230	1	82	P213M	3	180	0.8740000000000001	S	0.717	S	0.98	S	0.996	S	0.987	S	0.717	[]
2017-05-25 01:20:32	583	1623126	40670	16	1230	1	82	P213M	3	180	0.8740000000000001	S	0.717	S	0.98	S	0.996	S	0.987	S	0.717	[]
2017-05-25 01:21:32	584	1624837	40695	16	1230	1	82	P213M	3	180	0.8740000000000001	S	0.717	S	0.98	S	0.996	S	0.987	S	0.717	[]
2017-05-25 01:23:32	585	1626442	40695	16	1230	1	82	P213M	3	180	0.8740000000000001	S	0.717	S	0.98	S	0.996	S	0.987	S	0.717	[]
2017-05-25 01:25:32	587	1632082	40732	16	1230	1	82	P213M	3	180	0.8740000000000001	S	0.717	S	0.98	S	0.996	S	0.987	S	0.717	[]
2017-05-25 01:26:32	588	1634540	40751	16	1230	1	82	P213M	3	180	0.8740000000000001	S	0.717	S	0.98	S	0.996	S	0.987	S	0.717	[]
2017-05-25 01:28:32	589	1636314	40769	16	1230	1	82	P213M	3	180	0.8740000000000001	S	0.717	S	0.98	S	0.996	S	0.987	S	0.717	[]
2017-05-25 01:30:32	591	1639713	40769	16	1230	1	82	P213M	3	180	0.8740000000000001	S	0.717	S	0.98	S	0.996	S	0.987	S	0.717	[]
2017-05-25 01:31:32	592	1641409	40787	16	1230	1	82	P213M	3	180	0.8740000000000001	S	0.717	S	0.98	S	0.996	S	0.987	S	0.717	[]
2017-05-25 01:37:32	593	1644155	40844	16	1230	1	82	P213M	3	180	0.8740000000000001	S	0.717	S	0.98	S	0.996	S	0.987	S	0.717	[]
2017-05-25 01:38:32	594	1645846	40862	16	1230	1	82	P213M	3	180	0.8740000000000001	S	0.717	S	0.98	S	0.996	S	0.987	S	0.717	[]
2017-05-25 01:39:32	595	1646220	40862	16	1230	1	82	P213M	3	180	0.8740000000000001	S	0.717	S	0.98	S	0.996	S	0.987	S	0.717	[]
2017-05-25 01:44:32	598	1654225	40934	16	1230	1	82	P213M	3	180	0.8740000000000001	S	0.717	S	0.98	S	0.996	S	0.987	S	0.717	[]
2017-05-25 01:48:32	603	1664952	41027	16	1230	1	82	P213M	3	180	0.8740000000000001	S	0.717	S	0.98	S	0.996	S	0.987	S	0.717	[]
2017-05-25 01:49:32	605	1670362	41099	16	1230	1	82	P213M	3	180	0.8740000000000001	S	0.717	S	0.98	S	0.996	S	0.987	S	0.717	[]
2017-05-25 01:50:32	608	1678101	41156	16	1230	1	82	P213M	3	180	0.8740000000000001	S	0.717	S	0.98	S	0.996	S	0.987	S	0.717	[]
2017-05-25 01:51:32	609	1680069	41174	16	1230	1	82	P213M	3	180	0.8740000000000001	S	0.717	S	0.98	S	0.996	S	0.987	S	0.717	[]
2017-05-25 01:52:32	610	1682363	41174	16	1230	1	82	P213M	3	180	0.8740000000000001	S	0.717	S	0.98	S	0.996	S	0.987	S	0.717	[]
2017-05-25 01:56:32	611	1684658	41194	16	1230	1	82	P213M	3	180	0.8740000000000001	S	0.717	S	0.98	S	0.996	S	0.987	S	0.717	[]
2017-05-25 01:57:32	614	1693178	41305	16	1230	1	82	P213M	3	180	0.8740000000000001	S	0.717	S	0.98	S	0.996	S	0.987	S	0.717	[]
2017-05-25 01:58:32	615	1695389	41344	16	1230	1	82	P213M	3	180	0.8740000000000001	S	0.717	S	0.98	S	0.996	S	0.987	S	0.717	[]
2017-05-25 01:59:32	617	1700840	41383	16	1230	1	82	P213M	3	180	0.8740000000000001	S	0.717	S	0.98	S	0.996	S	0.987	S	0.717	[]
2017-05-25 02:02:32	618	1702927	41383	16	1230	1	82	P213M	3	180	0.8740000000000001	S	0.717	S	0.98	S	0.996	S	0.987	S	0.717	[]
2017-05-25 02:04:32	619	1705329	41421	16	1230	1	82	P213M	3	180	0.8740000000000001	S	0.717	S	0.98	S	0.996	S	0.987	S	0.717	[]
2017-05-25 02:05:32	625	1723691	41616	16	1230	1	82	P213M	3	180	0.8740000000000001	S	0.717	S	0.98	S	0.996	S	0.987	S	0.717	[]
2017-05-25 02:06:32	626	1726199	41654	16	1230	1	82	P213M	3	180	0.8740000000000001	S	0.717	S	0.98	S	0.996	S	0.987	S	0.717	[]
2017-05-25 02:07:32	627	1728349	41654	16	1230	1	82	P213M	3	180	0.8740000000000001	S	0.717	S	0.98	S	0.996	S	0.987	S	0.717	[]
2017-05-25 02:08:32	628	1730352	41654	16	1230	1	82	P213M	3	180	0.8740000000000001	S	0.717	S	0.98	S	0.996	S	0.987	S	0.717	[]
2017-05-25 02:10:32	629	1734420	41674	16	1230	1	82	P213M	3	180	0.8740000000000001	S	0.717	S	0.98	S	0.996	S	0.987	S	0.717	[]
2017-05-25 02:11:32	630	1736818	41710	16	1230	1	83	P213M	3	180	0.8740000000000001	S	0.717	S	0.98	S	0.996	S	0.987	S	0.717	[]
2017-05-25 02:12:32	631	1740816	41746	16	1230	1	83	P213M	3	180	0.8740000000000001	S	0.717	S	0.98	S	0.996	S	0.987	S	0.717	[]
2017-05-25 02:13:32	634	1747112	42830	16	1260	1	83	P213M	3	180	0.8779999999999999	S	0.722	S	0.981	S	0.996	S	0.987	S	0.722	[]
2017-05-25 02:16:32	635	1750026	42867	16	1260	1	83	P213M	3	180	0.8779999999999999	S	0.722	S	0.981	S	0.996	S	0.987	S	0.722	[]
2017-05-25 02:18:32	636	1753536	42903	16	1260	1	83	P213M	3	180	0.8779999999999999	S	0.721	S	0.981	S	0.996	S	0.987	S	0.721	[]
2017-05-25 02:19:32	637	1757431	42957	16	1260	1	83	P213M	3	180	0.8779999999999999	S	0.721	S	0.981	S	0.996	S	0.987	S	0.721	[]
2017-05-25 02:21:32	638	1761403	42996	16	1260	1	83	P213M	3	180	0.8779999999999999	S	0.721	S	0.981	S	0.996	S	0.987	S	0.721	[]
2017-05-25 02:24:32	639	1764061	43032	16	1260	1	83	P213M	3	180	0.8779999999999999	S	0.721	S	0.981	S	0.996	S	0.987	S	0.721	[]
2017-05-25 02:25:32	640	1767461	43032	16	1260	1	83	P213M	3	180	0.8779999999999999	S	0.721	S	0.981	S	0.996	S	0.987	S	0.721	[]
2017-05-25 02:31:32	640	1770899	43109	16	1260	1	83	P213M	3	180	0.8779999999999999	S	0.721	S	0.981	S	0.996	S	0.987	S	0.721	[]
2017-05-25 02:34:32	641	1774575	43148	16	1260	1	83	P213M	3	180	0.8779999999999999	S	0.721	S	0.981	S	0.996	S	0.987	S	0.721	[]
2017-05-25 02:37:32	642	1777415	43185	16	1260	1	83	P213M	3	180	0.8779999999999999	S	0.721	S	0.981	S	0.996	S	0.987	S	0.721	[]
2017-05-25 02:41:32	644	1779880	43203	16	1260	1	83	P213M	3	180	0.8779999999999999	S	0.721	S	0.981	S	0.996	S	0.987	S	0.721	[]
2017-05-25 02:42:32	645	1781837	43239	16	1260	1	83	P213M	3	180	0.8779999999999999	S	0.721	S	0.981	S	0.996	S	0.987	S	0.721	[]
2017-05-25 02:44:32	646	1782083	43239	16	1260	1	83	P213M	3	180	0.8779999999999999	S	0.721	S	0.981	S	0.996	S	0.987	S	0.721	[]
2017-05-25 02:45:32	647	1783680	43239	16	1260	1	83	P213M	3	180	0.8779999999999999	S	0.721	S	0.981	S	0.996	S	0.987	S	0.721	[]
2017-05-25 02:48:32	650	1791860	43313	16	1261	1	83	P213M	3	180	0.8779999999999999	S	0.721	S	0.981	S	0.996	S	0.987	S	0.721	[]
2017-05-25 02:50:32	651	1793818	43331	16	1261	1	83	P213M	3	180	0.8779999999999999	S	0.721	S	0.981	S	0.996	S	0.987	S	0.721	[]
2017-05-25 02:52:32	652	1797842	43368	16	1261	1	83	P213M	3	180	0.8779999999999999	S	0.721	S	0.981	S	0.996	S	0.987	S	0.721	[]
2017-05-25 02:56:32	654	1806704	43426	16	1261	1	83	P213M	3	180	0.8779999999999999	S	0.721	S	0.981	S	0.996	S	0.987	S	0.721	[]
2017-05-25 02:57:32	655	1809999	43502	16	1261	1	83	P213M	3	180	0.8779999999999999	S	0.721	S	0.981	S	0.996	S	0.987	S	0.721	[]
2017-05-25 03:00:32	656	1814401	43558	16	1261	1	83	P213M	3	180	0.8779999999999999	S	0.721	S	0.981	S	0.996	S	0.987	S	0.721	[]
2017-05-25 03:03:32	657	1815655	43577	16	1261	1	83	P213M	3	180	0.8779999999999999	S	0.721	S	0.981	S	0.996	S	0.987	S	0.721	[]
2017-05-25 03:04:32	658	1818238	43596	16	1261	1	83	P213M	3	180	0.8779999999999999	S	0.721	S	0.981	S	0.996	S	0.987	S	0.721	[]
2017-05-25 03:05:32	660	1824966	45099	16	1320	1	83	P213M	3	180	0.8819999999999999	S	0.73	S	0.982	S	0.996	S	0.988	S	0.73	[]
2017-05-25 03:06:32	661	1827604	45118	16	1320	1	83	P213M	3	180	0.8819999999999999	S	0.73	S	0.982	S	0.996	S	0.988	S	0.73	[]
2017-05-25 03:07:32	663	1831916	45187	16	1320	9	91	P213M	3	180	0.8700000000000001	S	0.73	S	0.982	S	0.996	S	0.988	S	0.73	[]
2017-05-25 03:08:32	664	1834714	45205	16	1320	9	91	P213M	3	180	0.8700000000000001	S	0.73	S	0.982	S	0.996	S	0.988	S	0.73	[]
2017-05-25 03:13:32	665	1837629	45244	16	1320	9	91	P213M	3	180	0.8700000000000001	S	0.73	S	0.982	S	0.996	S	0.988	S	0.73	[]
2017-05-25 03:15:32	667	1839092	45263	16	1320	9	91	P213M	3	180	0.8700000000000001	S	0.73	S	0.982	S	0.996	S	0.988	S	0.73	[]
2017-05-25 03:16:32	668	1842251	45281	16	1320	9	91	P213M	3	180	0.8700000000000001	S	0.73	S	0.982	S	0.996	S	0.988	S	0.73	[]
2017-05-25 03:19:32	669	1844993	46574	16	1324	9	91	P213M	3	180	0.8700000000000001	S	0.731	S	0.982	S	0.996	S	0.988	S	0.731	[]
2017-05-25 03:20:32	670	1847854	46592	16	1324	9	91	P213M	3	180	0.8700000000000001	S	0.731	S	0.982	S	0.996	S	0.988	S	0.731	[]
2017-05-25 03:21:32	671	1850676	46610	16	1324	9	91	P213M	3	180	0.8700000000000001	S	0.731	S	0.982	S	0.996	S	0.988	S	0.731	[]
2017-05-25 03:22:32	672	1853848	46647	16	1324	9	91	P213M	3	180	0.8700000000000001	S	0.731	S	0.982	S	0.996	S	0.988	S	0.731	[]
2017-05-25 03:26:32	673	1856937	46665	16	1324	9	91	P213M	3	180	0.8700000000000001	S	0.731	S	0.982	S	0.996	S	0.988	S	0.731	[]
2017-05-25 03:28:32	674	1860377	46703	16	1324	9	91	P213M	3	180	0.8700000000000001	S	0.731	S	0.982	S	0.996	S	0.988	S	0.731	[]
2017-05-25 03:32:32	676	1863557	46703	16	1324	9	91	P213M	3	180	0.8700000000000001	S	0.731	S	0.982	S	0.996	S	0.988	S	0.731	[]
2017-05-25 03:33:32	677	1865239	46726	16	1324	9	91	P213M	3	180	0.8700000000000001	S	0.731	S	0.982	S	0.996	S	0.988	S	0.731	[]
2017-05-25 03:37:32	678	1866827	46726	16	1324	9	91	P213M	3	180	0.8700000000000001	S	0.731	S	0.982	S	0.996	S	0.988	S	0.731	[]
2017-05-25 03:40:32	680	1872593	46780	16	1324	9	91	P213M	3	180	0.8700000000000001	S	0.731	S	0.982	S	0.996	S	0.988	S	0.731	[]
2017-05-25 03:44:32	681	1876818	46798	16	1324	9	91	P213M	3	180	0.8700000000000001	S	0.731	S	0.982	S	0.996	S	0.988	S	0.731	[]
2017-05-25 03:46:32	683	1881907	48039	16	1324	9	91	P213M	3	180	0.8700000000000001	S	0.731	S	0.968	S	0.996	S	0.988	S	0.731	[]
2017-05-25 03:50:32	683	1883509	48057	16	1324	9	91	P213M	3	180	0.8700000000000001	S	0.731	S	0.968	S	0.996	S	0.988	S	0.731	[]
2017-05-25 04:00:32	685	1885858	48076	16	1324	9	91	P213M	3	180	0.8700000000000001	S	0.731	S	0.968	S	0.996	S	0.988	S	0.731	[]
2017-05-25 04:02:32	686	1887546	48095	16	1324	9	91	P213M	3	180	0.8700000000000001	S	0.731	S	0.968	S	0.996	S	0.988	S	0.731	[]
2017-05-25 04:04:32	687	1891081	48133	16	1324	9	91	P213M	3	180	0.8700000000000001	S	0.731	S	0.968	S	0.996	S	0.988	S	0.731	[]
2017-05-25 04:05:32	688	1894203	48170	16	1324	9	91	P213M	3	180	0.8700000000000001	S	0.731	S	0.968	S	0.996	S	0.988	S	0.731	[]
2017-05-25 04:06:32	689	1898423	48189	16	1324	9	91	P213M	3	180	0.8700000000000001	S	0.731	S	0.968	S	0.996	S	0.988	S	0.731	[]
2017-05-25 04:07:32	690	1899253	48189	16	1324	9	91	P213M	3	180	0.8700000000000001	S	0.731	S	0.968	S	0.996	S	0.988	S	0.731	[]
2017-05-25 04:09:32	691	1901803	48229	16	1324	9	91	P213M	3	180	0.8700000000000001	S	0.731	S	0.968	S	0.996	S	0.988	S	0.731	[]
2017-05-25 04:10:32	693	1906705	48247	16	1324	9	91	P213M	3	180	0.8700000000000001	S	0.731	S	0.968	S	0.996	S	0.988	S	0.731	[]
2017-05-25 04:12:32	694	1909614	48285	16	1324	9	91	P213M	3	180	0.8700000000000001	S	0.731	S	0.968	S	0.996	S	0.988	S	0.731	[]
2017-05-25 04:13:32	694	1914369	48303	16	1324	9	91	P213M	3	180	0.8700000000000001	S	0.731	S	0.968	S	0.996	S	0.988	S	0.731	[]
2017-05-25 04:15:32	695	1916386	48321	16	1324	9	91	P213M	3	180	0.8700000000000001	S	0.731	S	0.968	S	0.996	S	0.988	S	0.731	[]
2017-05-25 04:19:32	696	1919553	48342	16	1324	9	91	P213M	3	180	0.8700000000000001	S	0.731	S	0.968	S	0.996	S	0.988	S	0.731	[]
2017-05-25 04:22:32	698	1927222	48437	16	1324	9	92	P213M	3	180	0.8700000000000001	S	0.731	S	0.968	S	0.996	S	0.988	S	0.731	[]
2017-05-25 04:23:32	700	1933510	49362	16	1324	9	92	P213M	3	180	0.8700000000000001	S	0.731	S	0.968	S	0.989	S	0.98	S	0.731	[]
2017-05-25 04:26:32	701	1935878	49362	16	1324	9	92	P213M	3	180	0.8700000000000001	S	0.731	S	0.968	S	0.989	S	0.98	S	0.731	[]
2017-05-25 04:34:32	703	1940001	49380	16	1324	9	92	P213M	3	180	0.8700000000000001	S	0.731	S	0.968	S	0.989	S	0.98	S	0.731	[]
2017-05-25 04:35:32	705	1944562	49474	16	1324	9	92	P213M	3	180	0.8700000000000001	S	0.731	S	0.968	S	0.989	S	0.979	S	0.731	[]
2017-05-25 04:36:32	708	1950970	49510	16	1324	9	92	P213M	3	180	0.8700000000000001	S	0.731	S	0.968	S	0.989	S	0.979	S	0.731	[]
2017-05-25 04:42:32	709	1955165	49510	16	1324	9	92	P213M	3	180	0.8700000000000001	S	0.731	S	0.968	S	0.989	S	0.979	S	0.731	[]
2017-05-25 04:45:32	710	1956790	49510	16	1324	9	92	P213M	3	180	0.8700000000000001	S	0.731	S	0.968	S	0.989	S	0.979	S	0.731	[]
2017-05-25 04:48:32	711	1960387	49565	16	1324	9	92	P213M	3	180	0.8700000000000001	S	0.731	S	0.968	S	0.989	S	0.979	S	0.731	[]
2017-05-25 04:50:32	712	1963175	49583	16	1324	9	92	P213M	3	180	0.8700000000000001	S	0.731	S	0.968	S	0.989	S	0.979	S	0.731	[]
2017-05-25 04:51:32	713	1965087	49601	16	1324	9	92	P213M	3	180	0.8700000000000001	S	0.731	S	0.968	S	0.989	S	0.979	S	0.731	[]
2017-05-25 04:52:32	714	1967265	49601	16	1324	9	92	P213M	3	180	0.8700000000000001	S	0.731	S	0.968	S	0.989	S	0.979	S	0.731	[]
2017-05-25 04:56:32	715	1969703	49648	16	1324	9	92	P213M	3	180	0.8700000000000001	S	0.731	S	0.968	S	0.989	S	0.979	S	0.731	[]
2017-05-25 04:59:32	716	1972291	49668	16	1324	9	92	P213M	3	180	0.8700000000000001	S	0.731	S	0.968	S	0.989	S	0.979	S	0.731	[]
2017-05-25 05:01:32	718	1981036	51138	16	1324	9	92	P213M	3	180	0.8700000000000001	S	0.731	S	0.968	S	0.989	S	0.979	S	0.731	[]
2017-05-25 05:04:32	719	1983431	51138	16	1324	9	92	P213M	3	180	0.8700000000000001	S	0.731	S	0.968	S	0.989	S	0.979	S	0.731	[]
2017-05-25 05:06:32	720	1984376	51178	16	1324	9	92	P213M	3	180	0.8700000000000001	S	0.731	S	0.968	S	0.989	S	0.979	S	0.731	[]
2017-05-25 05:07:32	721	1985941	51196	16	1324	9	92	P213M	3	180	0.8700000000000001	S	0.731	S	0.968	S	0.989	S	0.979	S	0.731	[]
2017-05-25 05:11:32	722	1988773	51303	16	1324	9	108	P213M	3	180	0.8500000000000001	S	0.731	S	0.968	S	0.989	S	0.979	S	0.731	[]
2017-05-25 05:16:32	723	1990574	51324	16	1324	9	108	P213M	3	180	0.8500000000000001	S	0.731	S	0.967	S	0.989	S	0.979	S	0.731	[]
2017-05-25 05:19:32	724	1992856	51324	16	1324	9	108	P213M	3	180	0.8500000000000001	S	0.731	S	0.967	S	0.989	S	0.979	S	0.731	[]
2017-05-25 05:20:32	725	1995964	51343	16	1324	9	108	P213M	3	180	0.8500000000000001	S	0.731	S	0.967	S	0.989	S	0.979	S	0.731	[]
2017-05-25 05:23:32	726	1998498	51363	16	1324	9	108	P213M	3	180	0.8500000000000001	S	0.731	S	0.967	S	0.989	S	0.979	S	0.731	[]
2017-05-25 05:27:32	728	2005287	51460	16	1324	9	108	P213M	3	180	0.8500000000000001	S	0.731	S	0.967	S	0.989	S	0.979	S	0.731	[]
2017-05-25 05:30:32	729	2008397	51497	16	1324	9	108	P213M	3	180	0.8500000000000001	S	0.731	S	0.967	S	0.989	S	0.979	S	0.731	[]
2017-05-25 05:32:32	730	2009987	51515	16	1324	9	108	P213M	3	180	0.8500000000000001	S	0.731	S	0.967	S	0.989	S	0.979	S	0.731	[]
2017-05-25 05:34:32	732	2013951	51680	16	1324	9	108	P213M	3	180	0.8500000000000001	S	0.731	S	0.967	S	0.989	S	0.979	S	0.731	[]
2017-05-25 05:35:32	733	2018058	51742	16	1324	9	108	P213M	3	180	0.8500000000000001	S	0.731	S	0.967	S	0.989	S	0.979	S	0.731	[]
2017-05-25 05:36:32	735	2022780	51807	16	1324	9	112	P213M	3	180	0.8440000000000001	S	0.731	S	0.967	S	0.989	S	0.979	S	0.731	[]
2017-05-25 05:39:32	736	2026191	51807	16	1324	9	112	P213M	3	180	0.8440000000000001	S	0.731	S	0.967	S	0.989	S	0.979	S	0.731	[]
2017-05-25 05:42:32	737	2029454	51807	16	1324	9	112	P213M	3	180	0.8440000000000001	S	0.731	S	0.967	S	0.989	S	0.979	S	0.731	[]
2017-05-25 05:46:32	738	2032118	51826	16	1324	9	112	P213M	3	180	0.8440000000000001	S	0.731	S	0.967	S	0.989	S	0.979	S	0.731	[]
2017-05-25 05:48:32	740	2037394	51893	16	1324	9	112	P213M	3	180	0.8440000000000001	S	0.731	S	0.967	S	0.989	S	0.979	S	0.731	[]
2017-05-25 05:52:32	741	2040996	51911	16	1324	9	112	P213M	3	180	0.8440000000000001	S	0.731	S	0.967	S	0.989	S	0.979	S	0.731	[]
2017-05-25 05:54:32	742	2044358	51911	16	1324	9	112	P213M	3	180	0.8440000000000001	S	0.731	S	0.967	S	0.989	S	0.979	S	0.731	[]
2017-05-25 06:03:32	744	2046064	51929	16	1324	9	112	P213M	3	180	0.8440000000000001	S	0.731	S	0.967	S	0.989	S	0.979	S	0.731	[]
2017-05-25 06:04:32	744	2048665	52004	16	1324	9	112	P213M	3	180	0.8440000000000001	S	0.731	S	0.967	S	0.989	S	0.979	S	0.731	[]
2017-05-25 06:05:32	745	2050883	52024	16	1324	9	112	P213M	3	180	0.8440000000000001	S	0.731	S	0.967	S	0.989	S	0.979	S	0.731	[]
2017-05-25 06:14:32	746	2053657	52060	16	1324	9	112	P213M	3	180	0.8440000000000001	S	0.731	S	0.967	S	0.989	S	0.979	S	0.731	[]
2017-05-25 06:15:32	747	2060862	52084	16	1324	9	112	P213M	3	180	0.8440000000000001	S	0.731	S	0.967	S	0.989	S	0.979	S	0.731	[]
2017-05-25 06:16:32	748	2063965	52121	16	1324	9	112	P213M	3	180	0.8440000000000001	S	0.731	S	0.967	S	0.989	S	0.979	S	0.731	[]
2017-05-25 06:17:32	749	2067703	52139	16	1324	9	112	P213M	3	180	0.8440000000000001	S	0.731	S	0.967	S	0.989	S	0.979	S	0.731	[]
2017-05-25 06:18:32	750	2070336	52177	16	1324	9	112	P213M	3	180	0.8440000000000001	S	0.731	S	0.967	S	0.989	S	0.979	S	0.731	[]
2017-05-25 06:19:32	751	2073590	52214	16	1324	9	112	P213M	3	180	0.8440000000000001	S	0.731	S	0.967	S	0.989	S	0.979	S	0.731	[]
2017-05-25 06:20:32	752	2076620	52234	16	1324	9	112	P213M	3	180	0.8440000000000001	S	0.73	S	0.967	S	0.989	S	0.979	S	0.73	[]
2017-05-25 06:21:32	753	2078994	52234	16	1324	9	112	P213M	3	180	0.8440000000000001	S	0.73	S	0.967	S	0.989	S	0.979	S	0.73	[]
2017-05-25 06:22:32	754	2083031	52327	16	1324	9	112	P213M	3	180	0.8440000000000001	S	0.73	S	0.967	S	0.989	S	0.979	S	0.73	[]
2017-05-25 06:24:32	756	2088592	52385	16	1324	9	112	P213M	3	180	0.8440000000000001	S	0.73	S	0.967	S	0.989	S	0.979	S	0.73	[]
2017-05-25 06:27:32	757	2091542	52385	16	1324	9	112	P213M	3	180	0.8440000000000001	S	0.73	S	0.967	S	0.989	S	0.979	S	0.73	[]
2017-05-25 06:38:32	758	2095252	52405	16	1324	9	112	P213M	3	180	0.8440000000000001	S	0.73	S	0.967	S	0.989	S	0.979	S	0.73	[]
2017-05-25 06:40:32	759	2098137	52423	16	1324	9	112	P213M	3	180	0.8440000000000001	S	0.73	S	0.967	S	0.989	S	0.979	S	0.73	[]
2017-05-25 06:45:32	760	2102062	53880	16	1324	9	112	P213M	3	180	0.8440000000000001	S	0.73	S	0.967	S	0.989	S	0.979	S	0.73	[]
2017-05-25 06:47:32	761	2105611	53916	16	1324	9	112	P213M	3	180	0.8440000000000001	S	0.73	S	0.967	S	0.989	S	0.979	S	0.73	[]
2017-05-25 06:49:32	763	2111048	54008	16	1324	9	112	P213M	3	180	0.8440000000000001	S	0.73	S	0.967	S	0.989	S	0.979	S	0.73	[]
2017-05-25 06:55:32	764	2112862	54008	16	1324	9	112	P213M	3	180	0.8440000000000001	S	0.73	S	0.967	S	0.989	S	0.979	S	0.73	[]
2017-05-25 06:56:32	765	2117046	54044	16	1324	9	112	P213M	3	180	0.8440000000000001	S	0.73	S	0.967	S	0.989	S	0.979	S	0.73	[]
2017-05-25 07:03:32	766	2120152	55549	16	1324	7	552	P213M	3	180	0.4119999999999999	S	0.73	S	0.967	S	0.989	S	0.979	S	0.73	[S:PG2, D:PG2]
2017-05-25 07:04:32	767	2123824	55567	16	1324	7	552	P213M	3	180	0.4119999999999999	S	0.73	S	0.967	S	0.989	S	0.979	S	0.73	[]
2017-05-25 07:05:32	769	2126708	55626	16	1324	7	552	P213M	3	180	0.4119999999999999	S	0.73	S	0.967	S	0.989	S	0.979	S	0.73	[]
2017-05-25 07:09:32	770	2129658	55662	16	1324	7	552	P213M	3	180	0.4119999999999999	S	0.73	S	0.967	S	0.989	S	0.979	S	0.73	[]
2017-05-25 07:11:32	771	2131495	55680	16	1324	7	552	P213M	3	180	0.4119999999999999	S	0.73	S	0.967	S	0.989	S	0.979	S	0.73	[]
2017-05-25 07:16:32	772	2134859	55716	16	1324	7	552	P213M	3	180	0.4119999999999999	S	0.73	S	0.967	S	0.989	S	0.979	S	0.73	[]
2017-05-25 07:18:32	773	2136335	55716	16	1324	7	552	P213M	3	180	0.4119999999999999	S	0.73	S	0.967	S	0.989	S	0.979	S	0.73	[]
2017-05-25 07:19:32	774	2139084	55753	16	1324	7	552	P213M	3	180	0.4119999999999999	S	0.73	S	0.967	S	0.989	S	0.979	S	0.73	[]
2017-05-25 07:20:32	775	2141623	55772	16	1324	7	552	P213M	3	180	0.4119999999999999	S	0.73	S	0.967	S	0.989	S	0.979	S	0.73	[]
2017-05-25 07:21:32	776	2143929	55772	16	1324	7	552	P213M	3	180	0.4119999999999999	S	0.73	S	0.967	S	0.989	S	0.979	S	0.73	[]
2017-05-25 07:28:32	777	2146655	55790	16	1324	7	552	P213M	3	180	0.4119999999999999	S	0.73	S	0.967	S	0.989	S	0.979	S	0.73	[]
2017-05-25 07:32:32	778	2149360	55826	16	1324	7	552	P213M	3	180	0.4119999999999999	S	0.73	S	0.967	S	0.989	S	0.979	S	0.73	[]
2017-05-25 07:37:32	779	2151524	55844	16	1324	7	552	P213M	3	180	0.4119999999999999	S	0.73	S	0.967	S	0.989	S	0.979	S	0.73	[]
2017-05-25 07:38:32	780	2153896	55864	16	1324	7	552	P213M	3	180	0.4119999999999999	S	0.73	S	0.967	S	0.989	S	0.979	S	0.73	[]
2017-05-25 07:39:32	781	2156663	55864	16	1324	7	552	P213M	3	180	0.4119999999999999	S	0.73	S	0.967	S	0.989	S	0.979	S	0.73	[]
2017-05-25 07:47:32	782	2159676	55864	16	1324	7	552	P213M	3	180	0.4119999999999999	S	0.73	S	0.967	S	0.989	S	0.979	S	0.73	[]
2017-05-25 07:48:32	784	2164578	55912	16	1324	7	552	P213M	3	180	0.4119999999999999	S	0.73	S	0.967	S	0.989	S	0.979	S	0.73	[]
